state,state_name,calendar_crop,source_crop_scope,published_harvested_acres_2009_thousand,published_source_page,planting_begin,planting_active_start,planting_active_end,planting_end,harvest_begin,harvest_active_start,harvest_active_end,harvest_end
AL,Alabama,cotton_upland,all_cotton,248.0,11,Apr 5,Apr 24,May 24,Jun 6,Sep 5,Sep 20,Oct 20,Dec 1
AR,Arkansas,cotton_upland,all_cotton,500.0,11,Apr 23,Apr 30,May 23,May 31,Sep 20,Sep 29,Nov 6,Nov 20
AZ,Arizona,cotton_upland,all_cotton,145.6,11,Mar 15,Apr 1,Apr 30,May 15,Sep 15,Oct 10,Nov 10,Dec 25
CA,California,cotton_upland,all_cotton,186.0,11,Apr 1,Apr 10,May 5,May 15,Oct 5,Oct 10,Nov 1,Nov 20
FL,Florida,cotton_upland,all_cotton,78.0,11,Apr 15,Apr 25,May 25,Jun 15,Sep 20,Oct 1,Nov 20,Dec 15
GA,Georgia,cotton_upland,all_cotton,990.0,11,Apr 23,May 2,May 31,Jun 11,Sep 23,Oct 10,Dec 2,Dec 18
KS,Kansas,cotton_upland,all_cotton,34.0,11,May 10,May 20,Jun 15,Jun 25,Oct 15,Oct 25,Dec 15,Dec 30
LA,Louisiana,cotton_upland,all_cotton,225.0,11,Apr 17,Apr 24,May 17,May 26,Sep 14,Sep 23,Oct 23,Nov 6
MO,Missouri,cotton_upland,all_cotton,260.0,11,Apr 22,Apr 29,May 23,May 29,Sep 17,Sep 27,Nov 9,Nov 24
MS,Mississippi,cotton_upland,all_cotton,290.0,11,Apr 20,Apr 27,May 19,May 29,Sep 15,Sep 27,Oct 29,Nov 12
NC,North Carolina,cotton_upland,all_cotton,370.0,11,Apr 20,May 1,May 20,Jun 1,Sep 30,Oct 10,Nov 15,Dec 15
NM,New Mexico,cotton_upland,all_cotton,32.3,11,Apr 10,Apr 20,May 10,May 20,Oct 10,Oct 25,Nov 30,Dec 20
OK,Oklahoma,cotton_upland,all_cotton,195.0,11,May 2,May 11,Jun 10,Jun 18,Oct 4,Oct 15,Dec 9,Dec 24
SC,South Carolina,cotton_upland,all_cotton,114.0,11,Apr 24,May 1,May 20,Jun 1,Sep 23,Oct 15,Nov 13,Dec 5
TN,Tennessee,cotton_upland,all_cotton,280.0,11,Apr 25,May 1,May 25,Jun 5,Sep 20,Sep 30,Nov 10,Nov 25
TX,Texas,cotton_upland,all_cotton,3517.8,11,Mar 22,Apr 8,Jun 7,Jun 20,Aug 10,Sep 13,Dec 21,Jan 11
VA,Virginia,cotton_upland,all_cotton,63.0,11,Apr 23,Apr 25,May 11,May 16,Sep 30,Oct 8,Nov 20,Nov 27
AR,Arkansas,sorghum_grain,sorghum_for_grain,37.0,23,Apr 5,Apr 13,May 23,Jun 5,Aug 22,Aug 27,Oct 3,Oct 16
AZ,Arizona,sorghum_grain,sorghum_for_grain,8.0,23,Mar 10,Apr 1,May 15,Jun 1,Sep 1,Oct 1,Nov 1,Dec 1
CO,Colorado,sorghum_grain,sorghum_for_grain,150.0,23,May 9,May 19,Jun 23,Jul 1,Sep 29,Oct 11,Nov 18,Nov 29
GA,Georgia,sorghum_grain,sorghum_for_grain,40.0,23,Apr 17,Apr 30,Jun 26,Jul 12,Aug 21,Sep 4,Nov 19,Dec 9
IL,Illinois,sorghum_grain,sorghum_for_grain,36.0,23,May 4,May 17,Jun 26,Jul 6,Sep 18,Sep 30,Nov 8,Nov 20
KS,Kansas,sorghum_grain,sorghum_for_grain,2550.0,23,May 5,May 15,Jun 20,Jul 15,Sep 10,Sep 25,Nov 10,Nov 25
LA,Louisiana,sorghum_grain,sorghum_for_grain,65.0,23,Apr 6,Apr 11,May 15,May 29,Aug 7,Aug 16,Sep 10,Sep 24
MO,Missouri,sorghum_grain,sorghum_for_grain,43.0,23,Apr 23,May 6,Jun 18,Jun 28,Sep 6,Sep 16,Nov 7,Nov 22
MS,Mississippi,sorghum_grain,sorghum_for_grain,11.0,23,Apr 8,Apr 14,May 21,Jun 3,Aug 19,Aug 29,Sep 27,Oct 8
NE,Nebraska,sorghum_grain,sorghum_for_grain,140.0,23,May 9,May 16,Jun 9,Jun 16,Sep 26,Oct 8,Nov 8,Nov 17
NM,New Mexico,sorghum_grain,sorghum_for_grain,50.0,23,May 15,May 20,Jun 15,Jul 10,Oct 15,Oct 20,Nov 15,Dec 15
OK,Oklahoma,sorghum_grain,sorghum_for_grain,220.0,23,Apr 24,May 12,Jun 25,Jul 6,Sep 9,Sep 26,Nov 21,Dec 2
SD,South Dakota,sorghum_grain,sorghum_for_grain,120.0,23,May 11,May 20,Jun 20,Jun 30,Sep 21,Oct 1,Nov 6,Nov 17
TX,Texas,sorghum_grain,sorghum_for_grain,2050.0,23,Mar 1,Mar 11,Jun 15,Jul 5,Jun 25,Jul 8,Nov 16,Dec 6
