country_id,country_name,give_region_id,mapping_version
ABW,Aruba,SIS,give_rennert_2022_v1
AFG,Afghanistan,SAS,give_rennert_2022_v1
AGO,Angola,SSA,give_rennert_2022_v1
ALB,Albania,EEU,give_rennert_2022_v1
ARE,United Arab Emirates,MDE,give_rennert_2022_v1
ARG,Argentina,LAM,give_rennert_2022_v1
ARM,Armenia,FSU,give_rennert_2022_v1
AUS,Australia,ANZ,give_rennert_2022_v1
AUT,Austria,WEU,give_rennert_2022_v1
AZE,Azerbaijan,FSU,give_rennert_2022_v1
BDI,Burundi,SSA,give_rennert_2022_v1
BEL,Belgium,WEU,give_rennert_2022_v1
BEN,Benin,SSA,give_rennert_2022_v1
BFA,Burkina Faso,SSA,give_rennert_2022_v1
BGD,Bangladesh,SAS,give_rennert_2022_v1
BGR,Bulgaria,EEU,give_rennert_2022_v1
BHR,Bahrain,MDE,give_rennert_2022_v1
BHS,Bahamas,SIS,give_rennert_2022_v1
BIH,Bosnia and Herzegovina,EEU,give_rennert_2022_v1
BLR,Belarus,FSU,give_rennert_2022_v1
BLZ,Belize,CAM,give_rennert_2022_v1
BOL,Bolivia,LAM,give_rennert_2022_v1
BRA,Brazil,LAM,give_rennert_2022_v1
BRB,Barbados,SIS,give_rennert_2022_v1
BRN,Brunei,SEA,give_rennert_2022_v1
BTN,Bhutan,SAS,give_rennert_2022_v1
BWA,Botswana,SSA,give_rennert_2022_v1
CAF,Central African Republic,SSA,give_rennert_2022_v1
CAN,Canada,CAN,give_rennert_2022_v1
CHE,Switzerland,WEU,give_rennert_2022_v1
CHL,Chile,LAM,give_rennert_2022_v1
CHN,China,CHI,give_rennert_2022_v1
CIV,Côte d'Ivoire,SSA,give_rennert_2022_v1
CMR,Cameroon,SSA,give_rennert_2022_v1
COD,"Congo, the Democratic Republic of the",SSA,give_rennert_2022_v1
COG,Congo,SSA,give_rennert_2022_v1
COL,Colombia,LAM,give_rennert_2022_v1
COM,Comoros,SIS,give_rennert_2022_v1
CPV,Cape Verde,SSA,give_rennert_2022_v1
CRI,Costa Rica,CAM,give_rennert_2022_v1
CUB,Cuba,SIS,give_rennert_2022_v1
CYP,Cyprus,WEU,give_rennert_2022_v1
CZE,Czech Republic,EEU,give_rennert_2022_v1
DEU,Germany,WEU,give_rennert_2022_v1
DJI,Djibouti,SSA,give_rennert_2022_v1
DNK,Denmark,WEU,give_rennert_2022_v1
DOM,Dominican Republic,SIS,give_rennert_2022_v1
DZA,Algeria,MAF,give_rennert_2022_v1
ECU,Ecuador,LAM,give_rennert_2022_v1
EGY,Egypt,MAF,give_rennert_2022_v1
ERI,Eritrea,SSA,give_rennert_2022_v1
ESP,Spain,WEU,give_rennert_2022_v1
EST,Estonia,FSU,give_rennert_2022_v1
ETH,Ethiopia,SSA,give_rennert_2022_v1
FIN,Finland,WEU,give_rennert_2022_v1
FJI,Fiji,SIS,give_rennert_2022_v1
FRA,France,WEU,give_rennert_2022_v1
GAB,Gabon,SSA,give_rennert_2022_v1
GBR,United Kingdom,WEU,give_rennert_2022_v1
GEO,Georgia,FSU,give_rennert_2022_v1
GHA,Ghana,SSA,give_rennert_2022_v1
GIN,Guinea,SSA,give_rennert_2022_v1
GMB,Gambia,SSA,give_rennert_2022_v1
GNB,Guinea-Bissau,SSA,give_rennert_2022_v1
GNQ,Equatorial Guinea,SSA,give_rennert_2022_v1
GRC,Greece,WEU,give_rennert_2022_v1
GTM,Guatemala,CAM,give_rennert_2022_v1
GUY,Guyana,LAM,give_rennert_2022_v1
HKG,Hong Kong,CHI,give_rennert_2022_v1
HND,Honduras,CAM,give_rennert_2022_v1
HRV,Croatia,EEU,give_rennert_2022_v1
HTI,Haiti,SIS,give_rennert_2022_v1
HUN,Hungary,EEU,give_rennert_2022_v1
IDN,Indonesia,SEA,give_rennert_2022_v1
IND,India,SAS,give_rennert_2022_v1
IRL,Ireland,WEU,give_rennert_2022_v1
IRN,"Iran, Islamic Republic of",MDE,give_rennert_2022_v1
IRQ,Iraq,MDE,give_rennert_2022_v1
ISL,Iceland,WEU,give_rennert_2022_v1
ISR,Israel,MDE,give_rennert_2022_v1
ITA,Italy,WEU,give_rennert_2022_v1
JAM,Jamaica,SIS,give_rennert_2022_v1
JOR,Jordan,MDE,give_rennert_2022_v1
JPN,Japan,JPK,give_rennert_2022_v1
KAZ,Kazakhstan,FSU,give_rennert_2022_v1
KEN,Kenya,SSA,give_rennert_2022_v1
KGZ,Kyrgyzstan,FSU,give_rennert_2022_v1
KHM,Cambodia,SEA,give_rennert_2022_v1
KOR,"Korea, Republic of",JPK,give_rennert_2022_v1
KWT,Kuwait,MDE,give_rennert_2022_v1
LAO,Lao People's Democratic Republic,SEA,give_rennert_2022_v1
LBN,Lebanon,MDE,give_rennert_2022_v1
LBR,Liberia,SSA,give_rennert_2022_v1
LBY,Libya,MAF,give_rennert_2022_v1
LCA,Saint Lucia,SIS,give_rennert_2022_v1
LKA,Sri Lanka,SAS,give_rennert_2022_v1
LSO,Lesotho,SSA,give_rennert_2022_v1
LTU,Lithuania,FSU,give_rennert_2022_v1
LUX,Luxembourg,WEU,give_rennert_2022_v1
LVA,Latvia,FSU,give_rennert_2022_v1
MAC,Macao,CHI,give_rennert_2022_v1
MAR,Morocco,MAF,give_rennert_2022_v1
MDA,"Moldova, Republic of",FSU,give_rennert_2022_v1
MDG,Madagascar,SSA,give_rennert_2022_v1
MDV,Maldives,SIS,give_rennert_2022_v1
MEX,Mexico,CAM,give_rennert_2022_v1
MKD,"Macedonia, the former Yugoslav Republic of",EEU,give_rennert_2022_v1
MLI,Mali,SSA,give_rennert_2022_v1
MLT,Malta,WEU,give_rennert_2022_v1
MMR,Burma,SEA,give_rennert_2022_v1
MNE,Montenegro,EEU,give_rennert_2022_v1
MNG,Mongolia,CHI,give_rennert_2022_v1
MOZ,Mozambique,SSA,give_rennert_2022_v1
MRT,Mauritania,SSA,give_rennert_2022_v1
MUS,Mauritius,SIS,give_rennert_2022_v1
MWI,Malawi,SSA,give_rennert_2022_v1
MYS,Malaysia,SEA,give_rennert_2022_v1
NAM,Namibia,SSA,give_rennert_2022_v1
NCL,New Caledonia,SIS,give_rennert_2022_v1
NER,Niger,SSA,give_rennert_2022_v1
NGA,Nigeria,SSA,give_rennert_2022_v1
NIC,Nicaragua,CAM,give_rennert_2022_v1
NLD,Netherlands,WEU,give_rennert_2022_v1
NOR,Norway,WEU,give_rennert_2022_v1
NPL,Nepal,SAS,give_rennert_2022_v1
NZL,New Zealand,ANZ,give_rennert_2022_v1
OMN,Oman,MDE,give_rennert_2022_v1
PAK,Pakistan,SAS,give_rennert_2022_v1
PAN,Panama,CAM,give_rennert_2022_v1
PER,Peru,LAM,give_rennert_2022_v1
PHL,Philippines,SEA,give_rennert_2022_v1
PNG,Papua New Guinea,SEA,give_rennert_2022_v1
POL,Poland,EEU,give_rennert_2022_v1
PRI,Puerto Rico,CAM,give_rennert_2022_v1
PRT,Portugal,WEU,give_rennert_2022_v1
PRY,Paraguay,LAM,give_rennert_2022_v1
PSE,"Palestinian Territory, Occupied",MDE,give_rennert_2022_v1
PYF,French Polynesia,SIS,give_rennert_2022_v1
QAT,Qatar,MDE,give_rennert_2022_v1
ROU,Romania,EEU,give_rennert_2022_v1
RUS,Russia,FSU,give_rennert_2022_v1
RWA,Rwanda,SSA,give_rennert_2022_v1
SAU,Saudi Arabia,MDE,give_rennert_2022_v1
SDN,Sudan,SSA,give_rennert_2022_v1
SEN,Senegal,SSA,give_rennert_2022_v1
SGP,Singapore,SEA,give_rennert_2022_v1
SLB,Solomon Islands,SIS,give_rennert_2022_v1
SLE,Sierra Leone,SSA,give_rennert_2022_v1
SLV,El Salvador,CAM,give_rennert_2022_v1
SOM,Somalia,SSA,give_rennert_2022_v1
SRB,Serbia,EEU,give_rennert_2022_v1
STP,Sao Tome and Principe,SIS,give_rennert_2022_v1
SUR,Suriname,LAM,give_rennert_2022_v1
SVK,Slovakia,EEU,give_rennert_2022_v1
SVN,Slovenia,EEU,give_rennert_2022_v1
SWE,Sweden,WEU,give_rennert_2022_v1
SWZ,Swaziland,SSA,give_rennert_2022_v1
SYR,Syrian Arab Republic,MDE,give_rennert_2022_v1
TCD,Chad,SSA,give_rennert_2022_v1
TGO,Togo,SSA,give_rennert_2022_v1
THA,Thailand,SEA,give_rennert_2022_v1
TJK,Tajikistan,FSU,give_rennert_2022_v1
TKM,Turkmenistan,FSU,give_rennert_2022_v1
TLS,Timor-Leste,SEA,give_rennert_2022_v1
TON,Tonga,SIS,give_rennert_2022_v1
TTO,Trinidad and Tobago,SIS,give_rennert_2022_v1
TUN,Tunisia,MAF,give_rennert_2022_v1
TUR,Turkey,MDE,give_rennert_2022_v1
TWN,Taiwan,SEA,give_rennert_2022_v1
TZA,"Tanzania, United Republic of",SSA,give_rennert_2022_v1
UGA,Uganda,SSA,give_rennert_2022_v1
UKR,Ukraine,FSU,give_rennert_2022_v1
URY,Uruguay,LAM,give_rennert_2022_v1
USA,United States,USA,give_rennert_2022_v1
UZB,Uzbekistan,FSU,give_rennert_2022_v1
VCT,Saint Vincent & the Grenadines,SIS,give_rennert_2022_v1
VEN,Venezuela,LAM,give_rennert_2022_v1
VNM,Viet Nam,SEA,give_rennert_2022_v1
VUT,Vanuatu,SIS,give_rennert_2022_v1
WSM,Samoa,SIS,give_rennert_2022_v1
YEM,Yemen,MDE,give_rennert_2022_v1
ZAF,South Africa,SSA,give_rennert_2022_v1
ZMB,Zambia,SSA,give_rennert_2022_v1
ZWE,Zimbabwe,SSA,give_rennert_2022_v1
