esm,scenario,center_year,crop,irrigation,rows,rho|wet_logit|rx1_given_rx5_logit
GFDL-ESM4,ssp126,2042,mai,firr,686,-0.282435563565624
GFDL-ESM4,ssp126,2042,mai,noirr,686,-0.274288475384148
GFDL-ESM4,ssp126,2042,ri1,firr,686,-0.330551253702503
GFDL-ESM4,ssp126,2042,ri1,noirr,686,-0.330551253702503
GFDL-ESM4,ssp126,2042,ri2,firr,408,-0.397826380507243
GFDL-ESM4,ssp126,2042,ri2,noirr,408,-0.397826380507243
GFDL-ESM4,ssp126,2042,soy,firr,686,-0.403924890228914
GFDL-ESM4,ssp126,2042,soy,noirr,686,-0.356859768936261
GFDL-ESM4,ssp126,2042,swh,firr,686,-0.395474027167675
GFDL-ESM4,ssp126,2042,swh,noirr,686,-0.392629827837116
GFDL-ESM4,ssp126,2042,wwh,firr,686,-0.702411806604271
GFDL-ESM4,ssp126,2042,wwh,noirr,686,-0.663117985077803
GFDL-ESM4,ssp126,2043,mai,firr,686,-0.272724716342515
GFDL-ESM4,ssp126,2043,mai,noirr,686,-0.266003518597579
GFDL-ESM4,ssp126,2043,ri1,firr,686,-0.322736868047237
GFDL-ESM4,ssp126,2043,ri1,noirr,686,-0.322736868047237
GFDL-ESM4,ssp126,2043,ri2,firr,408,-0.407652310193545
GFDL-ESM4,ssp126,2043,ri2,noirr,408,-0.407652310193545
GFDL-ESM4,ssp126,2043,soy,firr,686,-0.388104748357149
GFDL-ESM4,ssp126,2043,soy,noirr,686,-0.343603769636383
GFDL-ESM4,ssp126,2043,swh,firr,686,-0.407047062073484
GFDL-ESM4,ssp126,2043,swh,noirr,686,-0.412743261001775
GFDL-ESM4,ssp126,2043,wwh,firr,686,-0.705544914492717
GFDL-ESM4,ssp126,2043,wwh,noirr,686,-0.667269668701531
GFDL-ESM4,ssp126,2044,mai,firr,686,-0.254000960753052
GFDL-ESM4,ssp126,2044,mai,noirr,686,-0.249800421610241
GFDL-ESM4,ssp126,2044,ri1,firr,686,-0.292509398024144
GFDL-ESM4,ssp126,2044,ri1,noirr,686,-0.292509398024144
GFDL-ESM4,ssp126,2044,ri2,firr,408,-0.391234032197403
GFDL-ESM4,ssp126,2044,ri2,noirr,408,-0.391234032197403
GFDL-ESM4,ssp126,2044,soy,firr,686,-0.361720387564198
GFDL-ESM4,ssp126,2044,soy,noirr,686,-0.315328987310095
GFDL-ESM4,ssp126,2044,swh,firr,686,-0.393021822917348
GFDL-ESM4,ssp126,2044,swh,noirr,686,-0.392077681239268
GFDL-ESM4,ssp126,2044,wwh,firr,686,-0.698467211890264
GFDL-ESM4,ssp126,2044,wwh,noirr,686,-0.667115673511203
GFDL-ESM4,ssp126,2045,mai,firr,686,-0.25909525173544
GFDL-ESM4,ssp126,2045,mai,noirr,686,-0.252224795243406
GFDL-ESM4,ssp126,2045,ri1,firr,686,-0.303641505655359
GFDL-ESM4,ssp126,2045,ri1,noirr,686,-0.303641505655359
GFDL-ESM4,ssp126,2045,ri2,firr,408,-0.365759685739818
GFDL-ESM4,ssp126,2045,ri2,noirr,408,-0.365759685739818
GFDL-ESM4,ssp126,2045,soy,firr,686,-0.362474583401614
GFDL-ESM4,ssp126,2045,soy,noirr,686,-0.319764790635628
GFDL-ESM4,ssp126,2045,swh,firr,686,-0.392690053308753
GFDL-ESM4,ssp126,2045,swh,noirr,686,-0.393677975222337
GFDL-ESM4,ssp126,2045,wwh,firr,686,-0.695385006200121
GFDL-ESM4,ssp126,2045,wwh,noirr,686,-0.65730215926754
GFDL-ESM4,ssp126,2046,mai,firr,686,-0.232640525821977
GFDL-ESM4,ssp126,2046,mai,noirr,686,-0.226342810165012
GFDL-ESM4,ssp126,2046,ri1,firr,686,-0.308586495457778
GFDL-ESM4,ssp126,2046,ri1,noirr,686,-0.308586495457778
GFDL-ESM4,ssp126,2046,ri2,firr,408,-0.334895761118141
GFDL-ESM4,ssp126,2046,ri2,noirr,408,-0.334895761118141
GFDL-ESM4,ssp126,2046,soy,firr,686,-0.364009061965051
GFDL-ESM4,ssp126,2046,soy,noirr,686,-0.316893667747775
GFDL-ESM4,ssp126,2046,swh,firr,686,-0.367484101982664
GFDL-ESM4,ssp126,2046,swh,noirr,686,-0.370351593254785
GFDL-ESM4,ssp126,2046,wwh,firr,686,-0.684974364818456
GFDL-ESM4,ssp126,2046,wwh,noirr,686,-0.64252913698817
GFDL-ESM4,ssp126,2047,mai,firr,686,-0.276907083175675
GFDL-ESM4,ssp126,2047,mai,noirr,686,-0.272387462807847
GFDL-ESM4,ssp126,2047,ri1,firr,686,-0.364328157439932
GFDL-ESM4,ssp126,2047,ri1,noirr,686,-0.364328157439932
GFDL-ESM4,ssp126,2047,ri2,firr,408,-0.313890387537652
GFDL-ESM4,ssp126,2047,ri2,noirr,408,-0.313890387537652
GFDL-ESM4,ssp126,2047,soy,firr,686,-0.403887511075583
GFDL-ESM4,ssp126,2047,soy,noirr,686,-0.354828671874242
GFDL-ESM4,ssp126,2047,swh,firr,686,-0.395524718283081
GFDL-ESM4,ssp126,2047,swh,noirr,686,-0.390211002936774
GFDL-ESM4,ssp126,2047,wwh,firr,686,-0.68292853371752
GFDL-ESM4,ssp126,2047,wwh,noirr,686,-0.632130405025258
GFDL-ESM4,ssp126,2048,mai,firr,686,-0.251678715837869
GFDL-ESM4,ssp126,2048,mai,noirr,686,-0.248058611862924
GFDL-ESM4,ssp126,2048,ri1,firr,686,-0.341829879489913
GFDL-ESM4,ssp126,2048,ri1,noirr,686,-0.341829879489913
GFDL-ESM4,ssp126,2048,ri2,firr,408,-0.27758098541947
GFDL-ESM4,ssp126,2048,ri2,noirr,408,-0.27758098541947
GFDL-ESM4,ssp126,2048,soy,firr,686,-0.390523667867732
GFDL-ESM4,ssp126,2048,soy,noirr,686,-0.336801954953497
GFDL-ESM4,ssp126,2048,swh,firr,686,-0.378265183116155
GFDL-ESM4,ssp126,2048,swh,noirr,686,-0.353398125810855
GFDL-ESM4,ssp126,2048,wwh,firr,686,-0.677087526742142
GFDL-ESM4,ssp126,2048,wwh,noirr,686,-0.603686335703587
GFDL-ESM4,ssp126,2049,mai,firr,686,-0.252090682834807
GFDL-ESM4,ssp126,2049,mai,noirr,686,-0.246403040122576
GFDL-ESM4,ssp126,2049,ri1,firr,686,-0.336420179296888
GFDL-ESM4,ssp126,2049,ri1,noirr,686,-0.336420179296888
GFDL-ESM4,ssp126,2049,ri2,firr,408,-0.224594988570685
GFDL-ESM4,ssp126,2049,ri2,noirr,408,-0.224594988570685
GFDL-ESM4,ssp126,2049,soy,firr,686,-0.415750895633456
GFDL-ESM4,ssp126,2049,soy,noirr,686,-0.346668104956085
GFDL-ESM4,ssp126,2049,swh,firr,686,-0.373947894111928
GFDL-ESM4,ssp126,2049,swh,noirr,686,-0.331991717855217
GFDL-ESM4,ssp126,2049,wwh,firr,686,-0.680061520685074
GFDL-ESM4,ssp126,2049,wwh,noirr,686,-0.598873382190926
GFDL-ESM4,ssp370,2042,mai,firr,686,-0.210869611136317
GFDL-ESM4,ssp370,2042,mai,noirr,686,-0.203771177876286
GFDL-ESM4,ssp370,2042,ri1,firr,686,-0.354990492039295
GFDL-ESM4,ssp370,2042,ri1,noirr,686,-0.354990492039295
GFDL-ESM4,ssp370,2042,ri2,firr,408,-0.227362672962786
GFDL-ESM4,ssp370,2042,ri2,noirr,408,-0.227362672962786
GFDL-ESM4,ssp370,2042,soy,firr,686,-0.296089220747026
GFDL-ESM4,ssp370,2042,soy,noirr,686,-0.250746292402194
GFDL-ESM4,ssp370,2042,swh,firr,686,-0.313026392622066
GFDL-ESM4,ssp370,2042,swh,noirr,686,-0.346030205508983
GFDL-ESM4,ssp370,2042,wwh,firr,686,-0.656796301406124
GFDL-ESM4,ssp370,2042,wwh,noirr,686,-0.597715955213249
GFDL-ESM4,ssp370,2043,mai,firr,686,-0.186904997125075
GFDL-ESM4,ssp370,2043,mai,noirr,686,-0.179147727752697
GFDL-ESM4,ssp370,2043,ri1,firr,686,-0.335924485034387
GFDL-ESM4,ssp370,2043,ri1,noirr,686,-0.335924485034387
GFDL-ESM4,ssp370,2043,ri2,firr,408,-0.21320547559948
GFDL-ESM4,ssp370,2043,ri2,noirr,408,-0.21320547559948
GFDL-ESM4,ssp370,2043,soy,firr,686,-0.280141507450964
GFDL-ESM4,ssp370,2043,soy,noirr,686,-0.229416025106725
GFDL-ESM4,ssp370,2043,swh,firr,686,-0.306176948471708
GFDL-ESM4,ssp370,2043,swh,noirr,686,-0.322757339913477
GFDL-ESM4,ssp370,2043,wwh,firr,686,-0.652365611346747
GFDL-ESM4,ssp370,2043,wwh,noirr,686,-0.58518084162765
GFDL-ESM4,ssp370,2044,mai,firr,686,-0.187049033171437
GFDL-ESM4,ssp370,2044,mai,noirr,686,-0.180365018250883
GFDL-ESM4,ssp370,2044,ri1,firr,686,-0.33955321459299
GFDL-ESM4,ssp370,2044,ri1,noirr,686,-0.33955321459299
GFDL-ESM4,ssp370,2044,ri2,firr,408,-0.209120635876141
GFDL-ESM4,ssp370,2044,ri2,noirr,408,-0.209120635876141
GFDL-ESM4,ssp370,2044,soy,firr,686,-0.291415852720777
GFDL-ESM4,ssp370,2044,soy,noirr,686,-0.252886323084638
GFDL-ESM4,ssp370,2044,swh,firr,686,-0.310382765594736
GFDL-ESM4,ssp370,2044,swh,noirr,686,-0.330750492826923
GFDL-ESM4,ssp370,2044,wwh,firr,686,-0.649397895537392
GFDL-ESM4,ssp370,2044,wwh,noirr,686,-0.584852138693248
GFDL-ESM4,ssp370,2045,mai,firr,686,-0.195265996207511
GFDL-ESM4,ssp370,2045,mai,noirr,686,-0.187170187776848
GFDL-ESM4,ssp370,2045,ri1,firr,686,-0.360656690453461
GFDL-ESM4,ssp370,2045,ri1,noirr,686,-0.360656690453461
GFDL-ESM4,ssp370,2045,ri2,firr,408,-0.196451604625254
GFDL-ESM4,ssp370,2045,ri2,noirr,408,-0.196451604625254
GFDL-ESM4,ssp370,2045,soy,firr,686,-0.298233518948722
GFDL-ESM4,ssp370,2045,soy,noirr,686,-0.270132434288407
GFDL-ESM4,ssp370,2045,swh,firr,686,-0.317612734215462
GFDL-ESM4,ssp370,2045,swh,noirr,686,-0.335600401969099
GFDL-ESM4,ssp370,2045,wwh,firr,686,-0.649667573963945
GFDL-ESM4,ssp370,2045,wwh,noirr,686,-0.581022094574944
GFDL-ESM4,ssp370,2046,mai,firr,686,-0.236981799647457
GFDL-ESM4,ssp370,2046,mai,noirr,686,-0.230349225794044
GFDL-ESM4,ssp370,2046,ri1,firr,686,-0.363091704755571
GFDL-ESM4,ssp370,2046,ri1,noirr,686,-0.363091704755571
GFDL-ESM4,ssp370,2046,ri2,firr,408,-0.208925838460153
GFDL-ESM4,ssp370,2046,ri2,noirr,408,-0.208925838460153
GFDL-ESM4,ssp370,2046,soy,firr,686,-0.31481087911
GFDL-ESM4,ssp370,2046,soy,noirr,686,-0.293100093067277
GFDL-ESM4,ssp370,2046,swh,firr,686,-0.374646443289811
GFDL-ESM4,ssp370,2046,swh,noirr,686,-0.3789871982667
GFDL-ESM4,ssp370,2046,wwh,firr,686,-0.642589163504038
GFDL-ESM4,ssp370,2046,wwh,noirr,686,-0.57419510221547
GFDL-ESM4,ssp370,2047,mai,firr,686,-0.24211365491518
GFDL-ESM4,ssp370,2047,mai,noirr,686,-0.235028707729016
GFDL-ESM4,ssp370,2047,ri1,firr,686,-0.372016477609719
GFDL-ESM4,ssp370,2047,ri1,noirr,686,-0.372016477609719
GFDL-ESM4,ssp370,2047,ri2,firr,408,-0.226532216130655
GFDL-ESM4,ssp370,2047,ri2,noirr,408,-0.226532216130655
GFDL-ESM4,ssp370,2047,soy,firr,686,-0.320273183008872
GFDL-ESM4,ssp370,2047,soy,noirr,686,-0.296365830411686
GFDL-ESM4,ssp370,2047,swh,firr,686,-0.379063618604172
GFDL-ESM4,ssp370,2047,swh,noirr,686,-0.38557465120082
GFDL-ESM4,ssp370,2047,wwh,firr,686,-0.652252820440284
GFDL-ESM4,ssp370,2047,wwh,noirr,686,-0.586237386784964
GFDL-ESM4,ssp370,2048,mai,firr,686,-0.256716723437927
GFDL-ESM4,ssp370,2048,mai,noirr,686,-0.249947344261066
GFDL-ESM4,ssp370,2048,ri1,firr,686,-0.38397892836529
GFDL-ESM4,ssp370,2048,ri1,noirr,686,-0.38397892836529
GFDL-ESM4,ssp370,2048,ri2,firr,408,-0.235371553264905
GFDL-ESM4,ssp370,2048,ri2,noirr,408,-0.235371553264905
GFDL-ESM4,ssp370,2048,soy,firr,686,-0.3364512749994
GFDL-ESM4,ssp370,2048,soy,noirr,686,-0.316382352247272
GFDL-ESM4,ssp370,2048,swh,firr,686,-0.400846206018128
GFDL-ESM4,ssp370,2048,swh,noirr,686,-0.408355670696451
GFDL-ESM4,ssp370,2048,wwh,firr,686,-0.655294170955454
GFDL-ESM4,ssp370,2048,wwh,noirr,686,-0.590487808690419
GFDL-ESM4,ssp370,2049,mai,firr,686,-0.267262338501167
GFDL-ESM4,ssp370,2049,mai,noirr,686,-0.262810646530931
GFDL-ESM4,ssp370,2049,ri1,firr,686,-0.391262520584457
GFDL-ESM4,ssp370,2049,ri1,noirr,686,-0.391262520584457
GFDL-ESM4,ssp370,2049,ri2,firr,408,-0.245136107880694
GFDL-ESM4,ssp370,2049,ri2,noirr,408,-0.245136107880694
GFDL-ESM4,ssp370,2049,soy,firr,686,-0.349700867527827
GFDL-ESM4,ssp370,2049,soy,noirr,686,-0.320232255673823
GFDL-ESM4,ssp370,2049,swh,firr,686,-0.404243997261847
GFDL-ESM4,ssp370,2049,swh,noirr,686,-0.417617008726943
GFDL-ESM4,ssp370,2049,wwh,firr,686,-0.627969585869554
GFDL-ESM4,ssp370,2049,wwh,noirr,686,-0.577374726931306
GFDL-ESM4,ssp585,2042,mai,firr,686,-0.00496365799001069
GFDL-ESM4,ssp585,2042,mai,noirr,686,-0.0071930926223357
GFDL-ESM4,ssp585,2042,ri1,firr,686,-0.247033567569326
GFDL-ESM4,ssp585,2042,ri1,noirr,686,-0.247033567569326
GFDL-ESM4,ssp585,2042,ri2,firr,408,-0.154878888258555
GFDL-ESM4,ssp585,2042,ri2,noirr,408,-0.154878888258555
GFDL-ESM4,ssp585,2042,soy,firr,686,-0.233160036069795
GFDL-ESM4,ssp585,2042,soy,noirr,686,-0.107205609611158
GFDL-ESM4,ssp585,2042,swh,firr,686,-0.289044786180755
GFDL-ESM4,ssp585,2042,swh,noirr,686,-0.256956833398057
GFDL-ESM4,ssp585,2042,wwh,firr,686,-0.55622890064699
GFDL-ESM4,ssp585,2042,wwh,noirr,686,-0.536685557060964
GFDL-ESM4,ssp585,2043,mai,firr,686,-0.0254292431891884
GFDL-ESM4,ssp585,2043,mai,noirr,686,-0.0278917430009685
GFDL-ESM4,ssp585,2043,ri1,firr,686,-0.268829055414274
GFDL-ESM4,ssp585,2043,ri1,noirr,686,-0.268829055414274
GFDL-ESM4,ssp585,2043,ri2,firr,408,-0.187876867880698
GFDL-ESM4,ssp585,2043,ri2,noirr,408,-0.187876867880698
GFDL-ESM4,ssp585,2043,soy,firr,686,-0.258552904697836
GFDL-ESM4,ssp585,2043,soy,noirr,686,-0.131960853726063
GFDL-ESM4,ssp585,2043,swh,firr,686,-0.314919433348683
GFDL-ESM4,ssp585,2043,swh,noirr,686,-0.277868714246599
GFDL-ESM4,ssp585,2043,wwh,firr,686,-0.551699843154938
GFDL-ESM4,ssp585,2043,wwh,noirr,686,-0.53670084724514
GFDL-ESM4,ssp585,2044,mai,firr,686,-0.055496515869675
GFDL-ESM4,ssp585,2044,mai,noirr,686,-0.056312725902184
GFDL-ESM4,ssp585,2044,ri1,firr,686,-0.292053039317709
GFDL-ESM4,ssp585,2044,ri1,noirr,686,-0.292053039317709
GFDL-ESM4,ssp585,2044,ri2,firr,408,-0.289976201596754
GFDL-ESM4,ssp585,2044,ri2,noirr,408,-0.289976201596754
GFDL-ESM4,ssp585,2044,soy,firr,686,-0.28474321211694
GFDL-ESM4,ssp585,2044,soy,noirr,686,-0.144829938137734
GFDL-ESM4,ssp585,2044,swh,firr,686,-0.328388934257856
GFDL-ESM4,ssp585,2044,swh,noirr,686,-0.300541372298246
GFDL-ESM4,ssp585,2044,wwh,firr,686,-0.563733869544671
GFDL-ESM4,ssp585,2044,wwh,noirr,686,-0.548397998512367
GFDL-ESM4,ssp585,2045,mai,firr,686,-0.0569974130498399
GFDL-ESM4,ssp585,2045,mai,noirr,686,-0.0572339527919482
GFDL-ESM4,ssp585,2045,ri1,firr,686,-0.304272322283371
GFDL-ESM4,ssp585,2045,ri1,noirr,686,-0.304272322283371
GFDL-ESM4,ssp585,2045,ri2,firr,408,-0.312109497387021
GFDL-ESM4,ssp585,2045,ri2,noirr,408,-0.312109497387021
GFDL-ESM4,ssp585,2045,soy,firr,686,-0.270164368662549
GFDL-ESM4,ssp585,2045,soy,noirr,686,-0.140895518959441
GFDL-ESM4,ssp585,2045,swh,firr,686,-0.326499336976623
GFDL-ESM4,ssp585,2045,swh,noirr,686,-0.309873671711204
GFDL-ESM4,ssp585,2045,wwh,firr,686,-0.571152100433779
GFDL-ESM4,ssp585,2045,wwh,noirr,686,-0.55670822591047
GFDL-ESM4,ssp585,2046,mai,firr,686,-0.0826411095563885
GFDL-ESM4,ssp585,2046,mai,noirr,686,-0.0821419745854115
GFDL-ESM4,ssp585,2046,ri1,firr,686,-0.312012632809672
GFDL-ESM4,ssp585,2046,ri1,noirr,686,-0.312012632809672
GFDL-ESM4,ssp585,2046,ri2,firr,408,-0.314023557580745
GFDL-ESM4,ssp585,2046,ri2,noirr,408,-0.314023557580745
GFDL-ESM4,ssp585,2046,soy,firr,686,-0.293743509392196
GFDL-ESM4,ssp585,2046,soy,noirr,686,-0.168529429453986
GFDL-ESM4,ssp585,2046,swh,firr,686,-0.329980553448666
GFDL-ESM4,ssp585,2046,swh,noirr,686,-0.320879876236814
GFDL-ESM4,ssp585,2046,wwh,firr,686,-0.589574649820188
GFDL-ESM4,ssp585,2046,wwh,noirr,686,-0.559615272850754
GFDL-ESM4,ssp585,2047,mai,firr,686,-0.122515115649743
GFDL-ESM4,ssp585,2047,mai,noirr,686,-0.121621296622187
GFDL-ESM4,ssp585,2047,ri1,firr,686,-0.336832278094738
GFDL-ESM4,ssp585,2047,ri1,noirr,686,-0.336832278094738
GFDL-ESM4,ssp585,2047,ri2,firr,408,-0.315746138930749
GFDL-ESM4,ssp585,2047,ri2,noirr,408,-0.315746138930749
GFDL-ESM4,ssp585,2047,soy,firr,686,-0.326008555968769
GFDL-ESM4,ssp585,2047,soy,noirr,686,-0.214478713355432
GFDL-ESM4,ssp585,2047,swh,firr,686,-0.382438565204381
GFDL-ESM4,ssp585,2047,swh,noirr,686,-0.369087530843379
GFDL-ESM4,ssp585,2047,wwh,firr,686,-0.5823059968587
GFDL-ESM4,ssp585,2047,wwh,noirr,686,-0.560332963631916
GFDL-ESM4,ssp585,2048,mai,firr,686,-0.144346947126594
GFDL-ESM4,ssp585,2048,mai,noirr,686,-0.141213187059677
GFDL-ESM4,ssp585,2048,ri1,firr,686,-0.360777180660007
GFDL-ESM4,ssp585,2048,ri1,noirr,686,-0.360777180660007
GFDL-ESM4,ssp585,2048,ri2,firr,408,-0.377944144161001
GFDL-ESM4,ssp585,2048,ri2,noirr,408,-0.377944144161001
GFDL-ESM4,ssp585,2048,soy,firr,686,-0.345992108323961
GFDL-ESM4,ssp585,2048,soy,noirr,686,-0.239502595587943
GFDL-ESM4,ssp585,2048,swh,firr,686,-0.407513438776287
GFDL-ESM4,ssp585,2048,swh,noirr,686,-0.391898419132354
GFDL-ESM4,ssp585,2048,wwh,firr,686,-0.604650564156852
GFDL-ESM4,ssp585,2048,wwh,noirr,686,-0.584070160433065
GFDL-ESM4,ssp585,2049,mai,firr,686,-0.147368864371574
GFDL-ESM4,ssp585,2049,mai,noirr,686,-0.142814670446261
GFDL-ESM4,ssp585,2049,ri1,firr,686,-0.355254478348584
GFDL-ESM4,ssp585,2049,ri1,noirr,686,-0.355254478348584
GFDL-ESM4,ssp585,2049,ri2,firr,408,-0.381811588984082
GFDL-ESM4,ssp585,2049,ri2,noirr,408,-0.381811588984082
GFDL-ESM4,ssp585,2049,soy,firr,686,-0.351010052715363
GFDL-ESM4,ssp585,2049,soy,noirr,686,-0.23584404476417
GFDL-ESM4,ssp585,2049,swh,firr,686,-0.414562588921363
GFDL-ESM4,ssp585,2049,swh,noirr,686,-0.392885068946802
GFDL-ESM4,ssp585,2049,wwh,firr,686,-0.59666877772904
GFDL-ESM4,ssp585,2049,wwh,noirr,686,-0.585643758126639
IPSL-CM6A-LR,ssp126,2042,mai,firr,686,-0.362780435921668
IPSL-CM6A-LR,ssp126,2042,mai,noirr,686,-0.373786928122787
IPSL-CM6A-LR,ssp126,2042,ri1,firr,686,-0.377027179982745
IPSL-CM6A-LR,ssp126,2042,ri1,noirr,686,-0.377027179982745
IPSL-CM6A-LR,ssp126,2042,ri2,firr,408,-0.545741733753855
IPSL-CM6A-LR,ssp126,2042,ri2,noirr,408,-0.545741733753855
IPSL-CM6A-LR,ssp126,2042,soy,firr,686,-0.426743869148746
IPSL-CM6A-LR,ssp126,2042,soy,noirr,686,-0.360430056422135
IPSL-CM6A-LR,ssp126,2042,swh,firr,686,-0.497427318204654
IPSL-CM6A-LR,ssp126,2042,swh,noirr,686,-0.529273787922735
IPSL-CM6A-LR,ssp126,2042,wwh,firr,686,-0.596974264192376
IPSL-CM6A-LR,ssp126,2042,wwh,noirr,686,-0.610310408325492
IPSL-CM6A-LR,ssp126,2043,mai,firr,686,-0.365663010930816
IPSL-CM6A-LR,ssp126,2043,mai,noirr,686,-0.37494264206598
IPSL-CM6A-LR,ssp126,2043,ri1,firr,686,-0.381920356336692
IPSL-CM6A-LR,ssp126,2043,ri1,noirr,686,-0.381920356336692
IPSL-CM6A-LR,ssp126,2043,ri2,firr,408,-0.542609132607313
IPSL-CM6A-LR,ssp126,2043,ri2,noirr,408,-0.542609132607313
IPSL-CM6A-LR,ssp126,2043,soy,firr,686,-0.451318560168246
IPSL-CM6A-LR,ssp126,2043,soy,noirr,686,-0.37400431395614
IPSL-CM6A-LR,ssp126,2043,swh,firr,686,-0.499360501416993
IPSL-CM6A-LR,ssp126,2043,swh,noirr,686,-0.53641773053227
IPSL-CM6A-LR,ssp126,2043,wwh,firr,686,-0.609508643729984
IPSL-CM6A-LR,ssp126,2043,wwh,noirr,686,-0.618738287205639
IPSL-CM6A-LR,ssp126,2044,mai,firr,686,-0.387614369250349
IPSL-CM6A-LR,ssp126,2044,mai,noirr,686,-0.394332465620554
IPSL-CM6A-LR,ssp126,2044,ri1,firr,686,-0.409188752529593
IPSL-CM6A-LR,ssp126,2044,ri1,noirr,686,-0.409188752529593
IPSL-CM6A-LR,ssp126,2044,ri2,firr,408,-0.537622877412331
IPSL-CM6A-LR,ssp126,2044,ri2,noirr,408,-0.537622877412331
IPSL-CM6A-LR,ssp126,2044,soy,firr,686,-0.475908291460151
IPSL-CM6A-LR,ssp126,2044,soy,noirr,686,-0.400156116558733
IPSL-CM6A-LR,ssp126,2044,swh,firr,686,-0.506249960040723
IPSL-CM6A-LR,ssp126,2044,swh,noirr,686,-0.554502763756666
IPSL-CM6A-LR,ssp126,2044,wwh,firr,686,-0.607406271611805
IPSL-CM6A-LR,ssp126,2044,wwh,noirr,686,-0.620703511804893
IPSL-CM6A-LR,ssp126,2045,mai,firr,686,-0.412011448076949
IPSL-CM6A-LR,ssp126,2045,mai,noirr,686,-0.422041689765707
IPSL-CM6A-LR,ssp126,2045,ri1,firr,686,-0.42142728516179
IPSL-CM6A-LR,ssp126,2045,ri1,noirr,686,-0.42142728516179
IPSL-CM6A-LR,ssp126,2045,ri2,firr,408,-0.559858184086198
IPSL-CM6A-LR,ssp126,2045,ri2,noirr,408,-0.559858184086198
IPSL-CM6A-LR,ssp126,2045,soy,firr,686,-0.497789034464877
IPSL-CM6A-LR,ssp126,2045,soy,noirr,686,-0.421665865450564
IPSL-CM6A-LR,ssp126,2045,swh,firr,686,-0.524697524363403
IPSL-CM6A-LR,ssp126,2045,swh,noirr,686,-0.560589961544252
IPSL-CM6A-LR,ssp126,2045,wwh,firr,686,-0.644238698554602
IPSL-CM6A-LR,ssp126,2045,wwh,noirr,686,-0.653989794139588
IPSL-CM6A-LR,ssp126,2046,mai,firr,686,-0.411377547165875
IPSL-CM6A-LR,ssp126,2046,mai,noirr,686,-0.4209506388481
IPSL-CM6A-LR,ssp126,2046,ri1,firr,686,-0.435730790063776
IPSL-CM6A-LR,ssp126,2046,ri1,noirr,686,-0.435730790063776
IPSL-CM6A-LR,ssp126,2046,ri2,firr,408,-0.555461406005261
IPSL-CM6A-LR,ssp126,2046,ri2,noirr,408,-0.555461406005261
IPSL-CM6A-LR,ssp126,2046,soy,firr,686,-0.50631730562098
IPSL-CM6A-LR,ssp126,2046,soy,noirr,686,-0.423550345656835
IPSL-CM6A-LR,ssp126,2046,swh,firr,686,-0.526848164559791
IPSL-CM6A-LR,ssp126,2046,swh,noirr,686,-0.562707360669404
IPSL-CM6A-LR,ssp126,2046,wwh,firr,686,-0.658300564723397
IPSL-CM6A-LR,ssp126,2046,wwh,noirr,686,-0.668234442278381
IPSL-CM6A-LR,ssp126,2047,mai,firr,686,-0.417067074879066
IPSL-CM6A-LR,ssp126,2047,mai,noirr,686,-0.425181592959782
IPSL-CM6A-LR,ssp126,2047,ri1,firr,686,-0.449470340976573
IPSL-CM6A-LR,ssp126,2047,ri1,noirr,686,-0.449470340976573
IPSL-CM6A-LR,ssp126,2047,ri2,firr,408,-0.519074623947277
IPSL-CM6A-LR,ssp126,2047,ri2,noirr,408,-0.519074623947277
IPSL-CM6A-LR,ssp126,2047,soy,firr,686,-0.523996666794994
IPSL-CM6A-LR,ssp126,2047,soy,noirr,686,-0.445297226868456
IPSL-CM6A-LR,ssp126,2047,swh,firr,686,-0.529258578205165
IPSL-CM6A-LR,ssp126,2047,swh,noirr,686,-0.559275014469125
IPSL-CM6A-LR,ssp126,2047,wwh,firr,686,-0.646552526850374
IPSL-CM6A-LR,ssp126,2047,wwh,noirr,686,-0.666243016998757
IPSL-CM6A-LR,ssp126,2048,mai,firr,686,-0.432634433375689
IPSL-CM6A-LR,ssp126,2048,mai,noirr,686,-0.440612823694133
IPSL-CM6A-LR,ssp126,2048,ri1,firr,686,-0.465983930239013
IPSL-CM6A-LR,ssp126,2048,ri1,noirr,686,-0.465983930239013
IPSL-CM6A-LR,ssp126,2048,ri2,firr,408,-0.506845355953107
IPSL-CM6A-LR,ssp126,2048,ri2,noirr,408,-0.506845355953107
IPSL-CM6A-LR,ssp126,2048,soy,firr,686,-0.537155422913679
IPSL-CM6A-LR,ssp126,2048,soy,noirr,686,-0.463305222791475
IPSL-CM6A-LR,ssp126,2048,swh,firr,686,-0.545821022711516
IPSL-CM6A-LR,ssp126,2048,swh,noirr,686,-0.569275165439284
IPSL-CM6A-LR,ssp126,2048,wwh,firr,686,-0.648449671056556
IPSL-CM6A-LR,ssp126,2048,wwh,noirr,686,-0.668438643792777
IPSL-CM6A-LR,ssp126,2049,mai,firr,686,-0.435387507756133
IPSL-CM6A-LR,ssp126,2049,mai,noirr,686,-0.444009164185808
IPSL-CM6A-LR,ssp126,2049,ri1,firr,686,-0.471368291453364
IPSL-CM6A-LR,ssp126,2049,ri1,noirr,686,-0.471368291453364
IPSL-CM6A-LR,ssp126,2049,ri2,firr,408,-0.515786921025704
IPSL-CM6A-LR,ssp126,2049,ri2,noirr,408,-0.515786921025704
IPSL-CM6A-LR,ssp126,2049,soy,firr,686,-0.550032911177037
IPSL-CM6A-LR,ssp126,2049,soy,noirr,686,-0.472085137885467
IPSL-CM6A-LR,ssp126,2049,swh,firr,686,-0.547054983602898
IPSL-CM6A-LR,ssp126,2049,swh,noirr,686,-0.574263392320857
IPSL-CM6A-LR,ssp126,2049,wwh,firr,686,-0.640197302585403
IPSL-CM6A-LR,ssp126,2049,wwh,noirr,686,-0.664096834475233
IPSL-CM6A-LR,ssp370,2042,mai,firr,686,-0.232986429459784
IPSL-CM6A-LR,ssp370,2042,mai,noirr,686,-0.230600094049466
IPSL-CM6A-LR,ssp370,2042,ri1,firr,686,-0.184893768548552
IPSL-CM6A-LR,ssp370,2042,ri1,noirr,686,-0.184893768548552
IPSL-CM6A-LR,ssp370,2042,ri2,firr,408,-0.354243749114731
IPSL-CM6A-LR,ssp370,2042,ri2,noirr,408,-0.354243749114731
IPSL-CM6A-LR,ssp370,2042,soy,firr,686,-0.368925073690229
IPSL-CM6A-LR,ssp370,2042,soy,noirr,686,-0.304642861099005
IPSL-CM6A-LR,ssp370,2042,swh,firr,686,-0.419247841425148
IPSL-CM6A-LR,ssp370,2042,swh,noirr,686,-0.416270364244944
IPSL-CM6A-LR,ssp370,2042,wwh,firr,686,-0.607610125502661
IPSL-CM6A-LR,ssp370,2042,wwh,noirr,686,-0.574170919045955
IPSL-CM6A-LR,ssp370,2043,mai,firr,686,-0.239560624069925
IPSL-CM6A-LR,ssp370,2043,mai,noirr,686,-0.233266955279113
IPSL-CM6A-LR,ssp370,2043,ri1,firr,686,-0.294117030449178
IPSL-CM6A-LR,ssp370,2043,ri1,noirr,686,-0.294117030449178
IPSL-CM6A-LR,ssp370,2043,ri2,firr,408,-0.346596361788613
IPSL-CM6A-LR,ssp370,2043,ri2,noirr,408,-0.346596361788613
IPSL-CM6A-LR,ssp370,2043,soy,firr,686,-0.36945839033938
IPSL-CM6A-LR,ssp370,2043,soy,noirr,686,-0.309446660748445
IPSL-CM6A-LR,ssp370,2043,swh,firr,686,-0.416603538619022
IPSL-CM6A-LR,ssp370,2043,swh,noirr,686,-0.436711869887546
IPSL-CM6A-LR,ssp370,2043,wwh,firr,686,-0.620876296458222
IPSL-CM6A-LR,ssp370,2043,wwh,noirr,686,-0.584270922157723
IPSL-CM6A-LR,ssp370,2044,mai,firr,686,-0.265841960124154
IPSL-CM6A-LR,ssp370,2044,mai,noirr,686,-0.257693313824514
IPSL-CM6A-LR,ssp370,2044,ri1,firr,686,-0.314574749851192
IPSL-CM6A-LR,ssp370,2044,ri1,noirr,686,-0.314574749851192
IPSL-CM6A-LR,ssp370,2044,ri2,firr,408,-0.381771043334719
IPSL-CM6A-LR,ssp370,2044,ri2,noirr,408,-0.381771043334719
IPSL-CM6A-LR,ssp370,2044,soy,firr,686,-0.380556631076712
IPSL-CM6A-LR,ssp370,2044,soy,noirr,686,-0.31848098535839
IPSL-CM6A-LR,ssp370,2044,swh,firr,686,-0.437167129179419
IPSL-CM6A-LR,ssp370,2044,swh,noirr,686,-0.457393901795641
IPSL-CM6A-LR,ssp370,2044,wwh,firr,686,-0.625753748487533
IPSL-CM6A-LR,ssp370,2044,wwh,noirr,686,-0.600971934058029
IPSL-CM6A-LR,ssp370,2045,mai,firr,686,-0.280652935498388
IPSL-CM6A-LR,ssp370,2045,mai,noirr,686,-0.274806789558733
IPSL-CM6A-LR,ssp370,2045,ri1,firr,686,-0.317001077955195
IPSL-CM6A-LR,ssp370,2045,ri1,noirr,686,-0.317001077955195
IPSL-CM6A-LR,ssp370,2045,ri2,firr,408,-0.39657458834048
IPSL-CM6A-LR,ssp370,2045,ri2,noirr,408,-0.39657458834048
IPSL-CM6A-LR,ssp370,2045,soy,firr,686,-0.392482963581215
IPSL-CM6A-LR,ssp370,2045,soy,noirr,686,-0.330668505515964
IPSL-CM6A-LR,ssp370,2045,swh,firr,686,-0.458336895989348
IPSL-CM6A-LR,ssp370,2045,swh,noirr,686,-0.477606657506273
IPSL-CM6A-LR,ssp370,2045,wwh,firr,686,-0.625713267587077
IPSL-CM6A-LR,ssp370,2045,wwh,noirr,686,-0.605869780012095
IPSL-CM6A-LR,ssp370,2046,mai,firr,686,-0.303123136604279
IPSL-CM6A-LR,ssp370,2046,mai,noirr,686,-0.29634398389187
IPSL-CM6A-LR,ssp370,2046,ri1,firr,686,-0.350913906698302
IPSL-CM6A-LR,ssp370,2046,ri1,noirr,686,-0.350913906698302
IPSL-CM6A-LR,ssp370,2046,ri2,firr,408,-0.425591982798096
IPSL-CM6A-LR,ssp370,2046,ri2,noirr,408,-0.425591982798096
IPSL-CM6A-LR,ssp370,2046,soy,firr,686,-0.411366612808016
IPSL-CM6A-LR,ssp370,2046,soy,noirr,686,-0.344741502799036
IPSL-CM6A-LR,ssp370,2046,swh,firr,686,-0.473680172038038
IPSL-CM6A-LR,ssp370,2046,swh,noirr,686,-0.493016109028681
IPSL-CM6A-LR,ssp370,2046,wwh,firr,686,-0.621490583046956
IPSL-CM6A-LR,ssp370,2046,wwh,noirr,686,-0.595465379422986
IPSL-CM6A-LR,ssp370,2047,mai,firr,686,-0.328280293346663
IPSL-CM6A-LR,ssp370,2047,mai,noirr,686,-0.321308315345532
IPSL-CM6A-LR,ssp370,2047,ri1,firr,686,-0.369042040334539
IPSL-CM6A-LR,ssp370,2047,ri1,noirr,686,-0.369042040334539
IPSL-CM6A-LR,ssp370,2047,ri2,firr,408,-0.433990786576703
IPSL-CM6A-LR,ssp370,2047,ri2,noirr,408,-0.433990786576703
IPSL-CM6A-LR,ssp370,2047,soy,firr,686,-0.434347537381666
IPSL-CM6A-LR,ssp370,2047,soy,noirr,686,-0.365789299711876
IPSL-CM6A-LR,ssp370,2047,swh,firr,686,-0.495226718810739
IPSL-CM6A-LR,ssp370,2047,swh,noirr,686,-0.507914557865157
IPSL-CM6A-LR,ssp370,2047,wwh,firr,686,-0.616642920889513
IPSL-CM6A-LR,ssp370,2047,wwh,noirr,686,-0.589226622736933
IPSL-CM6A-LR,ssp370,2048,mai,firr,686,-0.334752832068109
IPSL-CM6A-LR,ssp370,2048,mai,noirr,686,-0.328779010782038
IPSL-CM6A-LR,ssp370,2048,ri1,firr,686,-0.406865172816926
IPSL-CM6A-LR,ssp370,2048,ri1,noirr,686,-0.406865172816926
IPSL-CM6A-LR,ssp370,2048,ri2,firr,408,-0.480861243069934
IPSL-CM6A-LR,ssp370,2048,ri2,noirr,408,-0.480861243069934
IPSL-CM6A-LR,ssp370,2048,soy,firr,686,-0.435556364242365
IPSL-CM6A-LR,ssp370,2048,soy,noirr,686,-0.367420170420414
IPSL-CM6A-LR,ssp370,2048,swh,firr,686,-0.50443320402869
IPSL-CM6A-LR,ssp370,2048,swh,noirr,686,-0.515427767855132
IPSL-CM6A-LR,ssp370,2048,wwh,firr,686,-0.623027529451095
IPSL-CM6A-LR,ssp370,2048,wwh,noirr,686,-0.592912789912166
IPSL-CM6A-LR,ssp370,2049,mai,firr,686,-0.329827274466264
IPSL-CM6A-LR,ssp370,2049,mai,noirr,686,-0.328840055290411
IPSL-CM6A-LR,ssp370,2049,ri1,firr,686,-0.390320527428956
IPSL-CM6A-LR,ssp370,2049,ri1,noirr,686,-0.390320527428956
IPSL-CM6A-LR,ssp370,2049,ri2,firr,408,-0.441505640862535
IPSL-CM6A-LR,ssp370,2049,ri2,noirr,408,-0.441505640862535
IPSL-CM6A-LR,ssp370,2049,soy,firr,686,-0.436706723574714
IPSL-CM6A-LR,ssp370,2049,soy,noirr,686,-0.361134751928673
IPSL-CM6A-LR,ssp370,2049,swh,firr,686,-0.496217794548684
IPSL-CM6A-LR,ssp370,2049,swh,noirr,686,-0.510989739101561
IPSL-CM6A-LR,ssp370,2049,wwh,firr,686,-0.614801205917694
IPSL-CM6A-LR,ssp370,2049,wwh,noirr,686,-0.591441624381249
IPSL-CM6A-LR,ssp585,2042,mai,firr,686,-0.270282825694545
IPSL-CM6A-LR,ssp585,2042,mai,noirr,686,-0.278965082152309
IPSL-CM6A-LR,ssp585,2042,ri1,firr,686,-0.326223301790067
IPSL-CM6A-LR,ssp585,2042,ri1,noirr,686,-0.326223301790067
IPSL-CM6A-LR,ssp585,2042,ri2,firr,408,-0.334111418532832
IPSL-CM6A-LR,ssp585,2042,ri2,noirr,408,-0.334111418532832
IPSL-CM6A-LR,ssp585,2042,soy,firr,686,-0.397557609549345
IPSL-CM6A-LR,ssp585,2042,soy,noirr,686,-0.329616704067742
IPSL-CM6A-LR,ssp585,2042,swh,firr,686,-0.466814047345899
IPSL-CM6A-LR,ssp585,2042,swh,noirr,686,-0.44815082284577
IPSL-CM6A-LR,ssp585,2042,wwh,firr,686,-0.639145739540245
IPSL-CM6A-LR,ssp585,2042,wwh,noirr,686,-0.615852920433189
IPSL-CM6A-LR,ssp585,2043,mai,firr,686,-0.28146041502192
IPSL-CM6A-LR,ssp585,2043,mai,noirr,686,-0.281804612535575
IPSL-CM6A-LR,ssp585,2043,ri1,firr,686,-0.339243828803048
IPSL-CM6A-LR,ssp585,2043,ri1,noirr,686,-0.339243828803048
IPSL-CM6A-LR,ssp585,2043,ri2,firr,408,-0.355999797340886
IPSL-CM6A-LR,ssp585,2043,ri2,noirr,408,-0.355999797340886
IPSL-CM6A-LR,ssp585,2043,soy,firr,686,-0.401721728192401
IPSL-CM6A-LR,ssp585,2043,soy,noirr,686,-0.333171234610604
IPSL-CM6A-LR,ssp585,2043,swh,firr,686,-0.471129903951016
IPSL-CM6A-LR,ssp585,2043,swh,noirr,686,-0.451240244382159
IPSL-CM6A-LR,ssp585,2043,wwh,firr,686,-0.654571315769298
IPSL-CM6A-LR,ssp585,2043,wwh,noirr,686,-0.622099779336132
IPSL-CM6A-LR,ssp585,2044,mai,firr,686,-0.286050238977376
IPSL-CM6A-LR,ssp585,2044,mai,noirr,686,-0.28487184172218
IPSL-CM6A-LR,ssp585,2044,ri1,firr,686,-0.310103227221815
IPSL-CM6A-LR,ssp585,2044,ri1,noirr,686,-0.310103227221815
IPSL-CM6A-LR,ssp585,2044,ri2,firr,408,-0.330139922815389
IPSL-CM6A-LR,ssp585,2044,ri2,noirr,408,-0.330139922815389
IPSL-CM6A-LR,ssp585,2044,soy,firr,686,-0.394824668565058
IPSL-CM6A-LR,ssp585,2044,soy,noirr,686,-0.32685540960327
IPSL-CM6A-LR,ssp585,2044,swh,firr,686,-0.461126010843083
IPSL-CM6A-LR,ssp585,2044,swh,noirr,686,-0.449555877630274
IPSL-CM6A-LR,ssp585,2044,wwh,firr,686,-0.647284287271909
IPSL-CM6A-LR,ssp585,2044,wwh,noirr,686,-0.611174742507548
IPSL-CM6A-LR,ssp585,2045,mai,firr,686,-0.281180149833275
IPSL-CM6A-LR,ssp585,2045,mai,noirr,686,-0.280945608484094
IPSL-CM6A-LR,ssp585,2045,ri1,firr,686,-0.30246689839893
IPSL-CM6A-LR,ssp585,2045,ri1,noirr,686,-0.30246689839893
IPSL-CM6A-LR,ssp585,2045,ri2,firr,408,-0.35896580551625
IPSL-CM6A-LR,ssp585,2045,ri2,noirr,408,-0.35896580551625
IPSL-CM6A-LR,ssp585,2045,soy,firr,686,-0.392577806664653
IPSL-CM6A-LR,ssp585,2045,soy,noirr,686,-0.329204313385116
IPSL-CM6A-LR,ssp585,2045,swh,firr,686,-0.461453850624669
IPSL-CM6A-LR,ssp585,2045,swh,noirr,686,-0.447632807803326
IPSL-CM6A-LR,ssp585,2045,wwh,firr,686,-0.664391065002663
IPSL-CM6A-LR,ssp585,2045,wwh,noirr,686,-0.628575522214649
IPSL-CM6A-LR,ssp585,2046,mai,firr,686,-0.269424592129759
IPSL-CM6A-LR,ssp585,2046,mai,noirr,686,-0.268278646835412
IPSL-CM6A-LR,ssp585,2046,ri1,firr,686,-0.303904922715894
IPSL-CM6A-LR,ssp585,2046,ri1,noirr,686,-0.303904922715894
IPSL-CM6A-LR,ssp585,2046,ri2,firr,408,-0.357193667194939
IPSL-CM6A-LR,ssp585,2046,ri2,noirr,408,-0.357193667194939
IPSL-CM6A-LR,ssp585,2046,soy,firr,686,-0.389336188005492
IPSL-CM6A-LR,ssp585,2046,soy,noirr,686,-0.323685790339439
IPSL-CM6A-LR,ssp585,2046,swh,firr,686,-0.456792547061806
IPSL-CM6A-LR,ssp585,2046,swh,noirr,686,-0.447313911240171
IPSL-CM6A-LR,ssp585,2046,wwh,firr,686,-0.664524634529705
IPSL-CM6A-LR,ssp585,2046,wwh,noirr,686,-0.631742009879628
IPSL-CM6A-LR,ssp585,2047,mai,firr,686,-0.286593675666045
IPSL-CM6A-LR,ssp585,2047,mai,noirr,686,-0.288086963455062
IPSL-CM6A-LR,ssp585,2047,ri1,firr,686,-0.321898140421362
IPSL-CM6A-LR,ssp585,2047,ri1,noirr,686,-0.321898140421362
IPSL-CM6A-LR,ssp585,2047,ri2,firr,408,-0.361922516418857
IPSL-CM6A-LR,ssp585,2047,ri2,noirr,408,-0.361922516418857
IPSL-CM6A-LR,ssp585,2047,soy,firr,686,-0.392130391533654
IPSL-CM6A-LR,ssp585,2047,soy,noirr,686,-0.333383561322465
IPSL-CM6A-LR,ssp585,2047,swh,firr,686,-0.466127451225152
IPSL-CM6A-LR,ssp585,2047,swh,noirr,686,-0.452200904890266
IPSL-CM6A-LR,ssp585,2047,wwh,firr,686,-0.645884237568964
IPSL-CM6A-LR,ssp585,2047,wwh,noirr,686,-0.61906333594902
IPSL-CM6A-LR,ssp585,2048,mai,firr,686,-0.304749977666951
IPSL-CM6A-LR,ssp585,2048,mai,noirr,686,-0.306148637055189
IPSL-CM6A-LR,ssp585,2048,ri1,firr,686,-0.348450105235428
IPSL-CM6A-LR,ssp585,2048,ri1,noirr,686,-0.348450105235428
IPSL-CM6A-LR,ssp585,2048,ri2,firr,408,-0.386913632534089
IPSL-CM6A-LR,ssp585,2048,ri2,noirr,408,-0.386913632534089
IPSL-CM6A-LR,ssp585,2048,soy,firr,686,-0.423229548182821
IPSL-CM6A-LR,ssp585,2048,soy,noirr,686,-0.365781113593732
IPSL-CM6A-LR,ssp585,2048,swh,firr,686,-0.47344712528555
IPSL-CM6A-LR,ssp585,2048,swh,noirr,686,-0.455856158100485
IPSL-CM6A-LR,ssp585,2048,wwh,firr,686,-0.63672767293947
IPSL-CM6A-LR,ssp585,2048,wwh,noirr,686,-0.610219106330307
IPSL-CM6A-LR,ssp585,2049,mai,firr,686,-0.280424299197522
IPSL-CM6A-LR,ssp585,2049,mai,noirr,686,-0.275813919065863
IPSL-CM6A-LR,ssp585,2049,ri1,firr,686,-0.330291752606969
IPSL-CM6A-LR,ssp585,2049,ri1,noirr,686,-0.330291752606969
IPSL-CM6A-LR,ssp585,2049,ri2,firr,408,-0.380525143565831
IPSL-CM6A-LR,ssp585,2049,ri2,noirr,408,-0.380525143565831
IPSL-CM6A-LR,ssp585,2049,soy,firr,686,-0.396966816967196
IPSL-CM6A-LR,ssp585,2049,soy,noirr,686,-0.330653581009955
IPSL-CM6A-LR,ssp585,2049,swh,firr,686,-0.445654333395445
IPSL-CM6A-LR,ssp585,2049,swh,noirr,686,-0.435249827034137
IPSL-CM6A-LR,ssp585,2049,wwh,firr,686,-0.635130502008301
IPSL-CM6A-LR,ssp585,2049,wwh,noirr,686,-0.606153842293762
MPI-ESM1-2-HR,ssp126,2042,mai,firr,686,-0.272120988754351
MPI-ESM1-2-HR,ssp126,2042,mai,noirr,686,-0.277119163980445
MPI-ESM1-2-HR,ssp126,2042,ri1,firr,686,-0.443809323915442
MPI-ESM1-2-HR,ssp126,2042,ri1,noirr,686,-0.443809323915442
MPI-ESM1-2-HR,ssp126,2042,ri2,firr,408,-0.236837414925197
MPI-ESM1-2-HR,ssp126,2042,ri2,noirr,408,-0.236837414925197
MPI-ESM1-2-HR,ssp126,2042,soy,firr,686,-0.418814786849546
MPI-ESM1-2-HR,ssp126,2042,soy,noirr,686,-0.365157911409307
MPI-ESM1-2-HR,ssp126,2042,swh,firr,686,-0.40099776098434
MPI-ESM1-2-HR,ssp126,2042,swh,noirr,686,-0.408222496199006
MPI-ESM1-2-HR,ssp126,2042,wwh,firr,686,-0.69002265370602
MPI-ESM1-2-HR,ssp126,2042,wwh,noirr,686,-0.628970350303636
MPI-ESM1-2-HR,ssp126,2043,mai,firr,686,-0.286646013130919
MPI-ESM1-2-HR,ssp126,2043,mai,noirr,686,-0.294916832545265
MPI-ESM1-2-HR,ssp126,2043,ri1,firr,686,-0.44884739289056
MPI-ESM1-2-HR,ssp126,2043,ri1,noirr,686,-0.44884739289056
MPI-ESM1-2-HR,ssp126,2043,ri2,firr,408,-0.24168508075652
MPI-ESM1-2-HR,ssp126,2043,ri2,noirr,408,-0.24168508075652
MPI-ESM1-2-HR,ssp126,2043,soy,firr,686,-0.441538471045927
MPI-ESM1-2-HR,ssp126,2043,soy,noirr,686,-0.379607389368038
MPI-ESM1-2-HR,ssp126,2043,swh,firr,686,-0.407271442287599
MPI-ESM1-2-HR,ssp126,2043,swh,noirr,686,-0.417864015005348
MPI-ESM1-2-HR,ssp126,2043,wwh,firr,686,-0.694353233860499
MPI-ESM1-2-HR,ssp126,2043,wwh,noirr,686,-0.647510148791723
MPI-ESM1-2-HR,ssp126,2044,mai,firr,686,-0.348958057499591
MPI-ESM1-2-HR,ssp126,2044,mai,noirr,686,-0.360552020097397
MPI-ESM1-2-HR,ssp126,2044,ri1,firr,686,-0.470859461530567
MPI-ESM1-2-HR,ssp126,2044,ri1,noirr,686,-0.470859461530567
MPI-ESM1-2-HR,ssp126,2044,ri2,firr,408,-0.359455479469919
MPI-ESM1-2-HR,ssp126,2044,ri2,noirr,408,-0.359455479469919
MPI-ESM1-2-HR,ssp126,2044,soy,firr,686,-0.479685416842381
MPI-ESM1-2-HR,ssp126,2044,soy,noirr,686,-0.433291237843917
MPI-ESM1-2-HR,ssp126,2044,swh,firr,686,-0.437913836734408
MPI-ESM1-2-HR,ssp126,2044,swh,noirr,686,-0.450731225211866
MPI-ESM1-2-HR,ssp126,2044,wwh,firr,686,-0.695756896510568
MPI-ESM1-2-HR,ssp126,2044,wwh,noirr,686,-0.644077536484362
MPI-ESM1-2-HR,ssp126,2045,mai,firr,686,-0.312080321056171
MPI-ESM1-2-HR,ssp126,2045,mai,noirr,686,-0.32899509172738
MPI-ESM1-2-HR,ssp126,2045,ri1,firr,686,-0.438180434827526
MPI-ESM1-2-HR,ssp126,2045,ri1,noirr,686,-0.438180434827526
MPI-ESM1-2-HR,ssp126,2045,ri2,firr,408,-0.356388435810533
MPI-ESM1-2-HR,ssp126,2045,ri2,noirr,408,-0.356388435810533
MPI-ESM1-2-HR,ssp126,2045,soy,firr,686,-0.445794146045154
MPI-ESM1-2-HR,ssp126,2045,soy,noirr,686,-0.383485002051126
MPI-ESM1-2-HR,ssp126,2045,swh,firr,686,-0.412905680084626
MPI-ESM1-2-HR,ssp126,2045,swh,noirr,686,-0.418223126361165
MPI-ESM1-2-HR,ssp126,2045,wwh,firr,686,-0.700622891139104
MPI-ESM1-2-HR,ssp126,2045,wwh,noirr,686,-0.643583870732467
MPI-ESM1-2-HR,ssp126,2046,mai,firr,686,-0.365065301863176
MPI-ESM1-2-HR,ssp126,2046,mai,noirr,686,-0.379873794219427
MPI-ESM1-2-HR,ssp126,2046,ri1,firr,686,-0.460814560850265
MPI-ESM1-2-HR,ssp126,2046,ri1,noirr,686,-0.460814560850265
MPI-ESM1-2-HR,ssp126,2046,ri2,firr,408,-0.414547760470573
MPI-ESM1-2-HR,ssp126,2046,ri2,noirr,408,-0.414547760470573
MPI-ESM1-2-HR,ssp126,2046,soy,firr,686,-0.46071647956308
MPI-ESM1-2-HR,ssp126,2046,soy,noirr,686,-0.405072972903245
MPI-ESM1-2-HR,ssp126,2046,swh,firr,686,-0.445692517018068
MPI-ESM1-2-HR,ssp126,2046,swh,noirr,686,-0.441177921917036
MPI-ESM1-2-HR,ssp126,2046,wwh,firr,686,-0.694493947323846
MPI-ESM1-2-HR,ssp126,2046,wwh,noirr,686,-0.636299529906146
MPI-ESM1-2-HR,ssp126,2047,mai,firr,686,-0.358415166295945
MPI-ESM1-2-HR,ssp126,2047,mai,noirr,686,-0.373350890173206
MPI-ESM1-2-HR,ssp126,2047,ri1,firr,686,-0.466285881770024
MPI-ESM1-2-HR,ssp126,2047,ri1,noirr,686,-0.466285881770024
MPI-ESM1-2-HR,ssp126,2047,ri2,firr,408,-0.41159721707616
MPI-ESM1-2-HR,ssp126,2047,ri2,noirr,408,-0.41159721707616
MPI-ESM1-2-HR,ssp126,2047,soy,firr,686,-0.456348795287075
MPI-ESM1-2-HR,ssp126,2047,soy,noirr,686,-0.399593674603791
MPI-ESM1-2-HR,ssp126,2047,swh,firr,686,-0.450716496138032
MPI-ESM1-2-HR,ssp126,2047,swh,noirr,686,-0.452065426079069
MPI-ESM1-2-HR,ssp126,2047,wwh,firr,686,-0.696782650302729
MPI-ESM1-2-HR,ssp126,2047,wwh,noirr,686,-0.631726008528421
MPI-ESM1-2-HR,ssp126,2048,mai,firr,686,-0.32614981190298
MPI-ESM1-2-HR,ssp126,2048,mai,noirr,686,-0.342478304277414
MPI-ESM1-2-HR,ssp126,2048,ri1,firr,686,-0.440343555792083
MPI-ESM1-2-HR,ssp126,2048,ri1,noirr,686,-0.440343555792083
MPI-ESM1-2-HR,ssp126,2048,ri2,firr,408,-0.382039039794285
MPI-ESM1-2-HR,ssp126,2048,ri2,noirr,408,-0.382039039794285
MPI-ESM1-2-HR,ssp126,2048,soy,firr,686,-0.427989964179827
MPI-ESM1-2-HR,ssp126,2048,soy,noirr,686,-0.368994907207362
MPI-ESM1-2-HR,ssp126,2048,swh,firr,686,-0.441360329295695
MPI-ESM1-2-HR,ssp126,2048,swh,noirr,686,-0.443924000124436
MPI-ESM1-2-HR,ssp126,2048,wwh,firr,686,-0.691127257851324
MPI-ESM1-2-HR,ssp126,2048,wwh,noirr,686,-0.630644150001062
MPI-ESM1-2-HR,ssp126,2049,mai,firr,686,-0.327342307245042
MPI-ESM1-2-HR,ssp126,2049,mai,noirr,686,-0.33980840081259
MPI-ESM1-2-HR,ssp126,2049,ri1,firr,686,-0.452755028944897
MPI-ESM1-2-HR,ssp126,2049,ri1,noirr,686,-0.452755028944897
MPI-ESM1-2-HR,ssp126,2049,ri2,firr,408,-0.350595918366597
MPI-ESM1-2-HR,ssp126,2049,ri2,noirr,408,-0.350595918366597
MPI-ESM1-2-HR,ssp126,2049,soy,firr,686,-0.453482041915078
MPI-ESM1-2-HR,ssp126,2049,soy,noirr,686,-0.395847757231893
MPI-ESM1-2-HR,ssp126,2049,swh,firr,686,-0.450925700487748
MPI-ESM1-2-HR,ssp126,2049,swh,noirr,686,-0.448460190143797
MPI-ESM1-2-HR,ssp126,2049,wwh,firr,686,-0.683723343873546
MPI-ESM1-2-HR,ssp126,2049,wwh,noirr,686,-0.603552759623733
MPI-ESM1-2-HR,ssp370,2042,mai,firr,686,-0.398198093381318
MPI-ESM1-2-HR,ssp370,2042,mai,noirr,686,-0.392381454337674
MPI-ESM1-2-HR,ssp370,2042,ri1,firr,686,-0.52545718049213
MPI-ESM1-2-HR,ssp370,2042,ri1,noirr,686,-0.52545718049213
MPI-ESM1-2-HR,ssp370,2042,ri2,firr,408,-0.211505505188265
MPI-ESM1-2-HR,ssp370,2042,ri2,noirr,408,-0.211505505188265
MPI-ESM1-2-HR,ssp370,2042,soy,firr,686,-0.564079486317467
MPI-ESM1-2-HR,ssp370,2042,soy,noirr,686,-0.490320591490195
MPI-ESM1-2-HR,ssp370,2042,swh,firr,686,-0.552372229468717
MPI-ESM1-2-HR,ssp370,2042,swh,noirr,686,-0.554607358102127
MPI-ESM1-2-HR,ssp370,2042,wwh,firr,686,-0.590843319331134
MPI-ESM1-2-HR,ssp370,2042,wwh,noirr,686,-0.534938712905096
MPI-ESM1-2-HR,ssp370,2043,mai,firr,686,-0.380253201069762
MPI-ESM1-2-HR,ssp370,2043,mai,noirr,686,-0.374888679512229
MPI-ESM1-2-HR,ssp370,2043,ri1,firr,686,-0.50292274440552
MPI-ESM1-2-HR,ssp370,2043,ri1,noirr,686,-0.50292274440552
MPI-ESM1-2-HR,ssp370,2043,ri2,firr,408,-0.177331097596682
MPI-ESM1-2-HR,ssp370,2043,ri2,noirr,408,-0.177331097596682
MPI-ESM1-2-HR,ssp370,2043,soy,firr,686,-0.545824261591335
MPI-ESM1-2-HR,ssp370,2043,soy,noirr,686,-0.468872723727979
MPI-ESM1-2-HR,ssp370,2043,swh,firr,686,-0.538332630544234
MPI-ESM1-2-HR,ssp370,2043,swh,noirr,686,-0.542621698566745
MPI-ESM1-2-HR,ssp370,2043,wwh,firr,686,-0.608669286271976
MPI-ESM1-2-HR,ssp370,2043,wwh,noirr,686,-0.538427573732668
MPI-ESM1-2-HR,ssp370,2044,mai,firr,686,-0.403343225936341
MPI-ESM1-2-HR,ssp370,2044,mai,noirr,686,-0.404475993829296
MPI-ESM1-2-HR,ssp370,2044,ri1,firr,686,-0.486717119615737
MPI-ESM1-2-HR,ssp370,2044,ri1,noirr,686,-0.486717119615737
MPI-ESM1-2-HR,ssp370,2044,ri2,firr,408,-0.167624773283505
MPI-ESM1-2-HR,ssp370,2044,ri2,noirr,408,-0.167624773283505
MPI-ESM1-2-HR,ssp370,2044,soy,firr,686,-0.540579502294378
MPI-ESM1-2-HR,ssp370,2044,soy,noirr,686,-0.477545687929309
MPI-ESM1-2-HR,ssp370,2044,swh,firr,686,-0.5599275252341
MPI-ESM1-2-HR,ssp370,2044,swh,noirr,686,-0.556117031138073
MPI-ESM1-2-HR,ssp370,2044,wwh,firr,686,-0.596736978286048
MPI-ESM1-2-HR,ssp370,2044,wwh,noirr,686,-0.530663093594733
MPI-ESM1-2-HR,ssp370,2045,mai,firr,686,-0.419965139459204
MPI-ESM1-2-HR,ssp370,2045,mai,noirr,686,-0.418763690260988
MPI-ESM1-2-HR,ssp370,2045,ri1,firr,686,-0.507071942816644
MPI-ESM1-2-HR,ssp370,2045,ri1,noirr,686,-0.507071942816644
MPI-ESM1-2-HR,ssp370,2045,ri2,firr,408,-0.226587234103446
MPI-ESM1-2-HR,ssp370,2045,ri2,noirr,408,-0.226587234103446
MPI-ESM1-2-HR,ssp370,2045,soy,firr,686,-0.543712153076289
MPI-ESM1-2-HR,ssp370,2045,soy,noirr,686,-0.485094146276611
MPI-ESM1-2-HR,ssp370,2045,swh,firr,686,-0.574171964567946
MPI-ESM1-2-HR,ssp370,2045,swh,noirr,686,-0.57307546795581
MPI-ESM1-2-HR,ssp370,2045,wwh,firr,686,-0.57947361112947
MPI-ESM1-2-HR,ssp370,2045,wwh,noirr,686,-0.515926249204305
MPI-ESM1-2-HR,ssp370,2046,mai,firr,686,-0.401673044334797
MPI-ESM1-2-HR,ssp370,2046,mai,noirr,686,-0.40075462961413
MPI-ESM1-2-HR,ssp370,2046,ri1,firr,686,-0.496955314186468
MPI-ESM1-2-HR,ssp370,2046,ri1,noirr,686,-0.496955314186468
MPI-ESM1-2-HR,ssp370,2046,ri2,firr,408,-0.21426208870669
MPI-ESM1-2-HR,ssp370,2046,ri2,noirr,408,-0.21426208870669
MPI-ESM1-2-HR,ssp370,2046,soy,firr,686,-0.519093359241963
MPI-ESM1-2-HR,ssp370,2046,soy,noirr,686,-0.461363788365603
MPI-ESM1-2-HR,ssp370,2046,swh,firr,686,-0.55126725082932
MPI-ESM1-2-HR,ssp370,2046,swh,noirr,686,-0.555737628792736
MPI-ESM1-2-HR,ssp370,2046,wwh,firr,686,-0.599673591503043
MPI-ESM1-2-HR,ssp370,2046,wwh,noirr,686,-0.509402844117037
MPI-ESM1-2-HR,ssp370,2047,mai,firr,686,-0.413773174402687
MPI-ESM1-2-HR,ssp370,2047,mai,noirr,686,-0.41312623411669
MPI-ESM1-2-HR,ssp370,2047,ri1,firr,686,-0.505322601190014
MPI-ESM1-2-HR,ssp370,2047,ri1,noirr,686,-0.505322601190014
MPI-ESM1-2-HR,ssp370,2047,ri2,firr,408,-0.224172059775548
MPI-ESM1-2-HR,ssp370,2047,ri2,noirr,408,-0.224172059775548
MPI-ESM1-2-HR,ssp370,2047,soy,firr,686,-0.529683565440473
MPI-ESM1-2-HR,ssp370,2047,soy,noirr,686,-0.477338737524677
MPI-ESM1-2-HR,ssp370,2047,swh,firr,686,-0.568867979996503
MPI-ESM1-2-HR,ssp370,2047,swh,noirr,686,-0.559143805863088
MPI-ESM1-2-HR,ssp370,2047,wwh,firr,686,-0.635193732098546
MPI-ESM1-2-HR,ssp370,2047,wwh,noirr,686,-0.536264464865731
MPI-ESM1-2-HR,ssp370,2048,mai,firr,686,-0.419299803018074
MPI-ESM1-2-HR,ssp370,2048,mai,noirr,686,-0.418042619049923
MPI-ESM1-2-HR,ssp370,2048,ri1,firr,686,-0.503010957287536
MPI-ESM1-2-HR,ssp370,2048,ri1,noirr,686,-0.503010957287536
MPI-ESM1-2-HR,ssp370,2048,ri2,firr,408,-0.200510536722167
MPI-ESM1-2-HR,ssp370,2048,ri2,noirr,408,-0.200510536722167
MPI-ESM1-2-HR,ssp370,2048,soy,firr,686,-0.528277353248877
MPI-ESM1-2-HR,ssp370,2048,soy,noirr,686,-0.479437569110091
MPI-ESM1-2-HR,ssp370,2048,swh,firr,686,-0.578991169658484
MPI-ESM1-2-HR,ssp370,2048,swh,noirr,686,-0.563655090298184
MPI-ESM1-2-HR,ssp370,2048,wwh,firr,686,-0.631174568468291
MPI-ESM1-2-HR,ssp370,2048,wwh,noirr,686,-0.544553130061134
MPI-ESM1-2-HR,ssp370,2049,mai,firr,686,-0.411309269848616
MPI-ESM1-2-HR,ssp370,2049,mai,noirr,686,-0.409490209061519
MPI-ESM1-2-HR,ssp370,2049,ri1,firr,686,-0.499417861626367
MPI-ESM1-2-HR,ssp370,2049,ri1,noirr,686,-0.499417861626367
MPI-ESM1-2-HR,ssp370,2049,ri2,firr,408,-0.170387082665426
MPI-ESM1-2-HR,ssp370,2049,ri2,noirr,408,-0.170387082665426
MPI-ESM1-2-HR,ssp370,2049,soy,firr,686,-0.529433750555024
MPI-ESM1-2-HR,ssp370,2049,soy,noirr,686,-0.474831865876985
MPI-ESM1-2-HR,ssp370,2049,swh,firr,686,-0.579385006246189
MPI-ESM1-2-HR,ssp370,2049,swh,noirr,686,-0.557226300137941
MPI-ESM1-2-HR,ssp370,2049,wwh,firr,686,-0.631256034733143
MPI-ESM1-2-HR,ssp370,2049,wwh,noirr,686,-0.544919605506457
MPI-ESM1-2-HR,ssp585,2042,mai,firr,686,-0.352761759495744
MPI-ESM1-2-HR,ssp585,2042,mai,noirr,686,-0.359411571091631
MPI-ESM1-2-HR,ssp585,2042,ri1,firr,686,-0.481646393545571
MPI-ESM1-2-HR,ssp585,2042,ri1,noirr,686,-0.481646393545571
MPI-ESM1-2-HR,ssp585,2042,ri2,firr,408,-0.248361836679942
MPI-ESM1-2-HR,ssp585,2042,ri2,noirr,408,-0.248361836679942
MPI-ESM1-2-HR,ssp585,2042,soy,firr,686,-0.489532379626076
MPI-ESM1-2-HR,ssp585,2042,soy,noirr,686,-0.371222393357765
MPI-ESM1-2-HR,ssp585,2042,swh,firr,686,-0.522050588879089
MPI-ESM1-2-HR,ssp585,2042,swh,noirr,686,-0.488609570272559
MPI-ESM1-2-HR,ssp585,2042,wwh,firr,686,-0.650297482503277
MPI-ESM1-2-HR,ssp585,2042,wwh,noirr,686,-0.556111499558347
MPI-ESM1-2-HR,ssp585,2043,mai,firr,686,-0.32454413042083
MPI-ESM1-2-HR,ssp585,2043,mai,noirr,686,-0.332242638015736
MPI-ESM1-2-HR,ssp585,2043,ri1,firr,686,-0.456965560220727
MPI-ESM1-2-HR,ssp585,2043,ri1,noirr,686,-0.456965560220727
MPI-ESM1-2-HR,ssp585,2043,ri2,firr,408,-0.243810439047829
MPI-ESM1-2-HR,ssp585,2043,ri2,noirr,408,-0.243810439047829
MPI-ESM1-2-HR,ssp585,2043,soy,firr,686,-0.467994488990798
MPI-ESM1-2-HR,ssp585,2043,soy,noirr,686,-0.347068647409388
MPI-ESM1-2-HR,ssp585,2043,swh,firr,686,-0.499875312848223
MPI-ESM1-2-HR,ssp585,2043,swh,noirr,686,-0.469867606620188
MPI-ESM1-2-HR,ssp585,2043,wwh,firr,686,-0.650972374558245
MPI-ESM1-2-HR,ssp585,2043,wwh,noirr,686,-0.572024470213852
MPI-ESM1-2-HR,ssp585,2044,mai,firr,686,-0.319113791308442
MPI-ESM1-2-HR,ssp585,2044,mai,noirr,686,-0.326984091966255
MPI-ESM1-2-HR,ssp585,2044,ri1,firr,686,-0.46793904132275
MPI-ESM1-2-HR,ssp585,2044,ri1,noirr,686,-0.46793904132275
MPI-ESM1-2-HR,ssp585,2044,ri2,firr,408,-0.221017178905636
MPI-ESM1-2-HR,ssp585,2044,ri2,noirr,408,-0.221017178905636
MPI-ESM1-2-HR,ssp585,2044,soy,firr,686,-0.455985218527347
MPI-ESM1-2-HR,ssp585,2044,soy,noirr,686,-0.344650172394999
MPI-ESM1-2-HR,ssp585,2044,swh,firr,686,-0.496962873970422
MPI-ESM1-2-HR,ssp585,2044,swh,noirr,686,-0.475086270887782
MPI-ESM1-2-HR,ssp585,2044,wwh,firr,686,-0.635936910207569
MPI-ESM1-2-HR,ssp585,2044,wwh,noirr,686,-0.533196648811864
MPI-ESM1-2-HR,ssp585,2045,mai,firr,686,-0.334799662007077
MPI-ESM1-2-HR,ssp585,2045,mai,noirr,686,-0.34302711322071
MPI-ESM1-2-HR,ssp585,2045,ri1,firr,686,-0.487458319938958
MPI-ESM1-2-HR,ssp585,2045,ri1,noirr,686,-0.487458319938958
MPI-ESM1-2-HR,ssp585,2045,ri2,firr,408,-0.252394337877863
MPI-ESM1-2-HR,ssp585,2045,ri2,noirr,408,-0.252394337877863
MPI-ESM1-2-HR,ssp585,2045,soy,firr,686,-0.461762801526526
MPI-ESM1-2-HR,ssp585,2045,soy,noirr,686,-0.358288559100311
MPI-ESM1-2-HR,ssp585,2045,swh,firr,686,-0.495099866814615
MPI-ESM1-2-HR,ssp585,2045,swh,noirr,686,-0.472068946015204
MPI-ESM1-2-HR,ssp585,2045,wwh,firr,686,-0.632163562098627
MPI-ESM1-2-HR,ssp585,2045,wwh,noirr,686,-0.516361728790331
MPI-ESM1-2-HR,ssp585,2046,mai,firr,686,-0.317274072923176
MPI-ESM1-2-HR,ssp585,2046,mai,noirr,686,-0.327426312113343
MPI-ESM1-2-HR,ssp585,2046,ri1,firr,686,-0.499527554787875
MPI-ESM1-2-HR,ssp585,2046,ri1,noirr,686,-0.499527554787875
MPI-ESM1-2-HR,ssp585,2046,ri2,firr,408,-0.273623355874537
MPI-ESM1-2-HR,ssp585,2046,ri2,noirr,408,-0.273623355874537
MPI-ESM1-2-HR,ssp585,2046,soy,firr,686,-0.450864477950842
MPI-ESM1-2-HR,ssp585,2046,soy,noirr,686,-0.342869488573042
MPI-ESM1-2-HR,ssp585,2046,swh,firr,686,-0.472713207706284
MPI-ESM1-2-HR,ssp585,2046,swh,noirr,686,-0.457216642051367
MPI-ESM1-2-HR,ssp585,2046,wwh,firr,686,-0.627890326292988
MPI-ESM1-2-HR,ssp585,2046,wwh,noirr,686,-0.50542411474499
MPI-ESM1-2-HR,ssp585,2047,mai,firr,686,-0.313403087942361
MPI-ESM1-2-HR,ssp585,2047,mai,noirr,686,-0.321826202886377
MPI-ESM1-2-HR,ssp585,2047,ri1,firr,686,-0.495724557089815
MPI-ESM1-2-HR,ssp585,2047,ri1,noirr,686,-0.495724557089815
MPI-ESM1-2-HR,ssp585,2047,ri2,firr,408,-0.290156849790419
MPI-ESM1-2-HR,ssp585,2047,ri2,noirr,408,-0.290156849790419
MPI-ESM1-2-HR,ssp585,2047,soy,firr,686,-0.444717555821008
MPI-ESM1-2-HR,ssp585,2047,soy,noirr,686,-0.336652925013008
MPI-ESM1-2-HR,ssp585,2047,swh,firr,686,-0.466789905053662
MPI-ESM1-2-HR,ssp585,2047,swh,noirr,686,-0.447782838110654
MPI-ESM1-2-HR,ssp585,2047,wwh,firr,686,-0.61295334107081
MPI-ESM1-2-HR,ssp585,2047,wwh,noirr,686,-0.499345145236789
MPI-ESM1-2-HR,ssp585,2048,mai,firr,686,-0.32164421760212
MPI-ESM1-2-HR,ssp585,2048,mai,noirr,686,-0.326901957434571
MPI-ESM1-2-HR,ssp585,2048,ri1,firr,686,-0.513749720842138
MPI-ESM1-2-HR,ssp585,2048,ri1,noirr,686,-0.513749720842138
MPI-ESM1-2-HR,ssp585,2048,ri2,firr,408,-0.264210035173405
MPI-ESM1-2-HR,ssp585,2048,ri2,noirr,408,-0.264210035173405
MPI-ESM1-2-HR,ssp585,2048,soy,firr,686,-0.458090654530428
MPI-ESM1-2-HR,ssp585,2048,soy,noirr,686,-0.35648857504255
MPI-ESM1-2-HR,ssp585,2048,swh,firr,686,-0.468589529180569
MPI-ESM1-2-HR,ssp585,2048,swh,noirr,686,-0.461276386746029
MPI-ESM1-2-HR,ssp585,2048,wwh,firr,686,-0.594930371709661
MPI-ESM1-2-HR,ssp585,2048,wwh,noirr,686,-0.464031691965248
MPI-ESM1-2-HR,ssp585,2049,mai,firr,686,-0.340044592796015
MPI-ESM1-2-HR,ssp585,2049,mai,noirr,686,-0.346059039529776
MPI-ESM1-2-HR,ssp585,2049,ri1,firr,686,-0.511024192995696
MPI-ESM1-2-HR,ssp585,2049,ri1,noirr,686,-0.511024192995696
MPI-ESM1-2-HR,ssp585,2049,ri2,firr,408,-0.270866652593889
MPI-ESM1-2-HR,ssp585,2049,ri2,noirr,408,-0.270866652593889
MPI-ESM1-2-HR,ssp585,2049,soy,firr,686,-0.463537037411096
MPI-ESM1-2-HR,ssp585,2049,soy,noirr,686,-0.364940135393162
MPI-ESM1-2-HR,ssp585,2049,swh,firr,686,-0.501258668823801
MPI-ESM1-2-HR,ssp585,2049,swh,noirr,686,-0.485264079112191
MPI-ESM1-2-HR,ssp585,2049,wwh,firr,686,-0.574357406198621
MPI-ESM1-2-HR,ssp585,2049,wwh,noirr,686,-0.460192118957679
MRI-ESM2-0,ssp126,2042,mai,firr,686,-0.547969578519113
MRI-ESM2-0,ssp126,2042,mai,noirr,686,-0.538802591150084
MRI-ESM2-0,ssp126,2042,ri1,firr,686,-0.560936996732872
MRI-ESM2-0,ssp126,2042,ri1,noirr,686,-0.560936996732872
MRI-ESM2-0,ssp126,2042,ri2,firr,408,-0.570593587346954
MRI-ESM2-0,ssp126,2042,ri2,noirr,408,-0.570593587346954
MRI-ESM2-0,ssp126,2042,soy,firr,686,-0.578856628398403
MRI-ESM2-0,ssp126,2042,soy,noirr,686,-0.558994673008273
MRI-ESM2-0,ssp126,2042,swh,firr,686,-0.656587998421045
MRI-ESM2-0,ssp126,2042,swh,noirr,686,-0.658366153134465
MRI-ESM2-0,ssp126,2042,wwh,firr,686,-0.739032183247975
MRI-ESM2-0,ssp126,2042,wwh,noirr,686,-0.703833917492597
MRI-ESM2-0,ssp126,2043,mai,firr,686,-0.551620565978931
MRI-ESM2-0,ssp126,2043,mai,noirr,686,-0.548714829696481
MRI-ESM2-0,ssp126,2043,ri1,firr,686,-0.568508675452799
MRI-ESM2-0,ssp126,2043,ri1,noirr,686,-0.568508675452799
MRI-ESM2-0,ssp126,2043,ri2,firr,408,-0.556936942493376
MRI-ESM2-0,ssp126,2043,ri2,noirr,408,-0.556936942493376
MRI-ESM2-0,ssp126,2043,soy,firr,686,-0.588908323491751
MRI-ESM2-0,ssp126,2043,soy,noirr,686,-0.572263658431641
MRI-ESM2-0,ssp126,2043,swh,firr,686,-0.659549520077027
MRI-ESM2-0,ssp126,2043,swh,noirr,686,-0.661463585550686
MRI-ESM2-0,ssp126,2043,wwh,firr,686,-0.736710305907244
MRI-ESM2-0,ssp126,2043,wwh,noirr,686,-0.69278185393591
MRI-ESM2-0,ssp126,2044,mai,firr,686,-0.565528640338199
MRI-ESM2-0,ssp126,2044,mai,noirr,686,-0.561721376877479
MRI-ESM2-0,ssp126,2044,ri1,firr,686,-0.585930634743119
MRI-ESM2-0,ssp126,2044,ri1,noirr,686,-0.585930634743119
MRI-ESM2-0,ssp126,2044,ri2,firr,408,-0.57085696392556
MRI-ESM2-0,ssp126,2044,ri2,noirr,408,-0.57085696392556
MRI-ESM2-0,ssp126,2044,soy,firr,686,-0.596024183218011
MRI-ESM2-0,ssp126,2044,soy,noirr,686,-0.579905823226286
MRI-ESM2-0,ssp126,2044,swh,firr,686,-0.673856630688464
MRI-ESM2-0,ssp126,2044,swh,noirr,686,-0.680644512887604
MRI-ESM2-0,ssp126,2044,wwh,firr,686,-0.733667731834589
MRI-ESM2-0,ssp126,2044,wwh,noirr,686,-0.696849746273031
MRI-ESM2-0,ssp126,2045,mai,firr,686,-0.543017369762768
MRI-ESM2-0,ssp126,2045,mai,noirr,686,-0.535190586907988
MRI-ESM2-0,ssp126,2045,ri1,firr,686,-0.578490320653453
MRI-ESM2-0,ssp126,2045,ri1,noirr,686,-0.578490320653453
MRI-ESM2-0,ssp126,2045,ri2,firr,408,-0.558511925153421
MRI-ESM2-0,ssp126,2045,ri2,noirr,408,-0.558511925153421
MRI-ESM2-0,ssp126,2045,soy,firr,686,-0.590279019215601
MRI-ESM2-0,ssp126,2045,soy,noirr,686,-0.569084622073673
MRI-ESM2-0,ssp126,2045,swh,firr,686,-0.663249608656249
MRI-ESM2-0,ssp126,2045,swh,noirr,686,-0.669650286880053
MRI-ESM2-0,ssp126,2045,wwh,firr,686,-0.728805370254169
MRI-ESM2-0,ssp126,2045,wwh,noirr,686,-0.690150912522878
MRI-ESM2-0,ssp126,2046,mai,firr,686,-0.538801651168808
MRI-ESM2-0,ssp126,2046,mai,noirr,686,-0.532413037855702
MRI-ESM2-0,ssp126,2046,ri1,firr,686,-0.579790229858438
MRI-ESM2-0,ssp126,2046,ri1,noirr,686,-0.579790229858438
MRI-ESM2-0,ssp126,2046,ri2,firr,408,-0.584147789703966
MRI-ESM2-0,ssp126,2046,ri2,noirr,408,-0.584147789703966
MRI-ESM2-0,ssp126,2046,soy,firr,686,-0.594549809473388
MRI-ESM2-0,ssp126,2046,soy,noirr,686,-0.569966143923688
MRI-ESM2-0,ssp126,2046,swh,firr,686,-0.658185747378426
MRI-ESM2-0,ssp126,2046,swh,noirr,686,-0.657320430992977
MRI-ESM2-0,ssp126,2046,wwh,firr,686,-0.730617379837139
MRI-ESM2-0,ssp126,2046,wwh,noirr,686,-0.706291677718246
MRI-ESM2-0,ssp126,2047,mai,firr,686,-0.553100384396098
MRI-ESM2-0,ssp126,2047,mai,noirr,686,-0.54599762602411
MRI-ESM2-0,ssp126,2047,ri1,firr,686,-0.594424487733844
MRI-ESM2-0,ssp126,2047,ri1,noirr,686,-0.594424487733844
MRI-ESM2-0,ssp126,2047,ri2,firr,408,-0.598940046003512
MRI-ESM2-0,ssp126,2047,ri2,noirr,408,-0.598940046003512
MRI-ESM2-0,ssp126,2047,soy,firr,686,-0.608665211142454
MRI-ESM2-0,ssp126,2047,soy,noirr,686,-0.582476337579777
MRI-ESM2-0,ssp126,2047,swh,firr,686,-0.664996222957818
MRI-ESM2-0,ssp126,2047,swh,noirr,686,-0.659267045658348
MRI-ESM2-0,ssp126,2047,wwh,firr,686,-0.720070126995729
MRI-ESM2-0,ssp126,2047,wwh,noirr,686,-0.690858845529185
MRI-ESM2-0,ssp126,2048,mai,firr,686,-0.557849971998751
MRI-ESM2-0,ssp126,2048,mai,noirr,686,-0.550249996840445
MRI-ESM2-0,ssp126,2048,ri1,firr,686,-0.60402519325191
MRI-ESM2-0,ssp126,2048,ri1,noirr,686,-0.60402519325191
MRI-ESM2-0,ssp126,2048,ri2,firr,408,-0.600818943661207
MRI-ESM2-0,ssp126,2048,ri2,noirr,408,-0.600818943661207
MRI-ESM2-0,ssp126,2048,soy,firr,686,-0.606457376883679
MRI-ESM2-0,ssp126,2048,soy,noirr,686,-0.579121493890512
MRI-ESM2-0,ssp126,2048,swh,firr,686,-0.66141246302724
MRI-ESM2-0,ssp126,2048,swh,noirr,686,-0.666049396483625
MRI-ESM2-0,ssp126,2048,wwh,firr,686,-0.715187915620983
MRI-ESM2-0,ssp126,2048,wwh,noirr,686,-0.684469962256556
MRI-ESM2-0,ssp126,2049,mai,firr,686,-0.546144618974645
MRI-ESM2-0,ssp126,2049,mai,noirr,686,-0.539962799144796
MRI-ESM2-0,ssp126,2049,ri1,firr,686,-0.612541465855893
MRI-ESM2-0,ssp126,2049,ri1,noirr,686,-0.612541465855893
MRI-ESM2-0,ssp126,2049,ri2,firr,408,-0.599106414695795
MRI-ESM2-0,ssp126,2049,ri2,noirr,408,-0.599106414695795
MRI-ESM2-0,ssp126,2049,soy,firr,686,-0.616249030009843
MRI-ESM2-0,ssp126,2049,soy,noirr,686,-0.587797940827325
MRI-ESM2-0,ssp126,2049,swh,firr,686,-0.664700387202647
MRI-ESM2-0,ssp126,2049,swh,noirr,686,-0.668150385790176
MRI-ESM2-0,ssp126,2049,wwh,firr,686,-0.725624401382217
MRI-ESM2-0,ssp126,2049,wwh,noirr,686,-0.688093625759847
MRI-ESM2-0,ssp370,2042,mai,firr,686,-0.558305373325714
MRI-ESM2-0,ssp370,2042,mai,noirr,686,-0.562271109586447
MRI-ESM2-0,ssp370,2042,ri1,firr,686,-0.612241561247488
MRI-ESM2-0,ssp370,2042,ri1,noirr,686,-0.612241561247488
MRI-ESM2-0,ssp370,2042,ri2,firr,408,-0.578741149258526
MRI-ESM2-0,ssp370,2042,ri2,noirr,408,-0.578741149258526
MRI-ESM2-0,ssp370,2042,soy,firr,686,-0.62929380575206
MRI-ESM2-0,ssp370,2042,soy,noirr,686,-0.59336701188807
MRI-ESM2-0,ssp370,2042,swh,firr,686,-0.659892655193918
MRI-ESM2-0,ssp370,2042,swh,noirr,686,-0.641447425217932
MRI-ESM2-0,ssp370,2042,wwh,firr,686,-0.703266866024278
MRI-ESM2-0,ssp370,2042,wwh,noirr,686,-0.665504655017819
MRI-ESM2-0,ssp370,2043,mai,firr,686,-0.55377901811644
MRI-ESM2-0,ssp370,2043,mai,noirr,686,-0.557440429327929
MRI-ESM2-0,ssp370,2043,ri1,firr,686,-0.619323899420312
MRI-ESM2-0,ssp370,2043,ri1,noirr,686,-0.619323899420312
MRI-ESM2-0,ssp370,2043,ri2,firr,408,-0.582947824628023
MRI-ESM2-0,ssp370,2043,ri2,noirr,408,-0.582947824628023
MRI-ESM2-0,ssp370,2043,soy,firr,686,-0.624883834424414
MRI-ESM2-0,ssp370,2043,soy,noirr,686,-0.593629673840365
MRI-ESM2-0,ssp370,2043,swh,firr,686,-0.65304589162142
MRI-ESM2-0,ssp370,2043,swh,noirr,686,-0.636831432198295
MRI-ESM2-0,ssp370,2043,wwh,firr,686,-0.706229694316294
MRI-ESM2-0,ssp370,2043,wwh,noirr,686,-0.67218598858984
MRI-ESM2-0,ssp370,2044,mai,firr,686,-0.555995725947194
MRI-ESM2-0,ssp370,2044,mai,noirr,686,-0.560500685897754
MRI-ESM2-0,ssp370,2044,ri1,firr,686,-0.613350582899409
MRI-ESM2-0,ssp370,2044,ri1,noirr,686,-0.613350582899409
MRI-ESM2-0,ssp370,2044,ri2,firr,408,-0.604382216477237
MRI-ESM2-0,ssp370,2044,ri2,noirr,408,-0.604382216477237
MRI-ESM2-0,ssp370,2044,soy,firr,686,-0.627295229971647
MRI-ESM2-0,ssp370,2044,soy,noirr,686,-0.596494842835568
MRI-ESM2-0,ssp370,2044,swh,firr,686,-0.662543981324021
MRI-ESM2-0,ssp370,2044,swh,noirr,686,-0.651203656010754
MRI-ESM2-0,ssp370,2044,wwh,firr,686,-0.725985591678927
MRI-ESM2-0,ssp370,2044,wwh,noirr,686,-0.690351255991702
MRI-ESM2-0,ssp370,2045,mai,firr,686,-0.554534445277804
MRI-ESM2-0,ssp370,2045,mai,noirr,686,-0.560464778234644
MRI-ESM2-0,ssp370,2045,ri1,firr,686,-0.626765253077375
MRI-ESM2-0,ssp370,2045,ri1,noirr,686,-0.626765253077375
MRI-ESM2-0,ssp370,2045,ri2,firr,408,-0.605885565527264
MRI-ESM2-0,ssp370,2045,ri2,noirr,408,-0.605885565527264
MRI-ESM2-0,ssp370,2045,soy,firr,686,-0.637973114389383
MRI-ESM2-0,ssp370,2045,soy,noirr,686,-0.60298713548175
MRI-ESM2-0,ssp370,2045,swh,firr,686,-0.664581586679245
MRI-ESM2-0,ssp370,2045,swh,noirr,686,-0.645998872402466
MRI-ESM2-0,ssp370,2045,wwh,firr,686,-0.71508363213017
MRI-ESM2-0,ssp370,2045,wwh,noirr,686,-0.686265667909715
MRI-ESM2-0,ssp370,2046,mai,firr,686,-0.547699671479325
MRI-ESM2-0,ssp370,2046,mai,noirr,686,-0.55298904077627
MRI-ESM2-0,ssp370,2046,ri1,firr,686,-0.619717611453897
MRI-ESM2-0,ssp370,2046,ri1,noirr,686,-0.619717611453897
MRI-ESM2-0,ssp370,2046,ri2,firr,408,-0.606118015941767
MRI-ESM2-0,ssp370,2046,ri2,noirr,408,-0.606118015941767
MRI-ESM2-0,ssp370,2046,soy,firr,686,-0.640998222040818
MRI-ESM2-0,ssp370,2046,soy,noirr,686,-0.59997816174499
MRI-ESM2-0,ssp370,2046,swh,firr,686,-0.662603710566684
MRI-ESM2-0,ssp370,2046,swh,noirr,686,-0.647467631421235
MRI-ESM2-0,ssp370,2046,wwh,firr,686,-0.69798001840868
MRI-ESM2-0,ssp370,2046,wwh,noirr,686,-0.676374396900782
MRI-ESM2-0,ssp370,2047,mai,firr,686,-0.557044753068707
MRI-ESM2-0,ssp370,2047,mai,noirr,686,-0.560779368058065
MRI-ESM2-0,ssp370,2047,ri1,firr,686,-0.617922921686471
MRI-ESM2-0,ssp370,2047,ri1,noirr,686,-0.617922921686471
MRI-ESM2-0,ssp370,2047,ri2,firr,408,-0.62418766492609
MRI-ESM2-0,ssp370,2047,ri2,noirr,408,-0.62418766492609
MRI-ESM2-0,ssp370,2047,soy,firr,686,-0.641768132154282
MRI-ESM2-0,ssp370,2047,soy,noirr,686,-0.602672757241856
MRI-ESM2-0,ssp370,2047,swh,firr,686,-0.667623727448944
MRI-ESM2-0,ssp370,2047,swh,noirr,686,-0.652539152978673
MRI-ESM2-0,ssp370,2047,wwh,firr,686,-0.693202891142726
MRI-ESM2-0,ssp370,2047,wwh,noirr,686,-0.678399697959387
MRI-ESM2-0,ssp370,2048,mai,firr,686,-0.551492299942988
MRI-ESM2-0,ssp370,2048,mai,noirr,686,-0.557571641339783
MRI-ESM2-0,ssp370,2048,ri1,firr,686,-0.618727560837138
MRI-ESM2-0,ssp370,2048,ri1,noirr,686,-0.618727560837138
MRI-ESM2-0,ssp370,2048,ri2,firr,408,-0.608959618910958
MRI-ESM2-0,ssp370,2048,ri2,noirr,408,-0.608959618910958
MRI-ESM2-0,ssp370,2048,soy,firr,686,-0.637239829463972
MRI-ESM2-0,ssp370,2048,soy,noirr,686,-0.599186944060834
MRI-ESM2-0,ssp370,2048,swh,firr,686,-0.658237885348935
MRI-ESM2-0,ssp370,2048,swh,noirr,686,-0.642068668786287
MRI-ESM2-0,ssp370,2048,wwh,firr,686,-0.678989483485872
MRI-ESM2-0,ssp370,2048,wwh,noirr,686,-0.660609721152996
MRI-ESM2-0,ssp370,2049,mai,firr,686,-0.552198157139654
MRI-ESM2-0,ssp370,2049,mai,noirr,686,-0.559642721012266
MRI-ESM2-0,ssp370,2049,ri1,firr,686,-0.620887040350119
MRI-ESM2-0,ssp370,2049,ri1,noirr,686,-0.620887040350119
MRI-ESM2-0,ssp370,2049,ri2,firr,408,-0.571487950934286
MRI-ESM2-0,ssp370,2049,ri2,noirr,408,-0.571487950934286
MRI-ESM2-0,ssp370,2049,soy,firr,686,-0.637294489337071
MRI-ESM2-0,ssp370,2049,soy,noirr,686,-0.605127685871053
MRI-ESM2-0,ssp370,2049,swh,firr,686,-0.661178529430592
MRI-ESM2-0,ssp370,2049,swh,noirr,686,-0.644198671813952
MRI-ESM2-0,ssp370,2049,wwh,firr,686,-0.660502634855277
MRI-ESM2-0,ssp370,2049,wwh,noirr,686,-0.645719769783618
