esm,scenario,center_year,rows,rho|tmean_c|log_precip,rho|tmean_c|wet_logit,rho|tmean_c|cdd_logit,rho|tmean_c|rx5_share_logit,rho|tmean_c|rx1_given_rx5_logit,rho|tmean_c|stage_alr1,rho|tmean_c|stage_alr2,rho|log_precip|wet_logit,rho|log_precip|cdd_logit,rho|log_precip|rx5_share_logit,rho|log_precip|rx1_given_rx5_logit,rho|log_precip|stage_alr1,rho|log_precip|stage_alr2,rho|wet_logit|cdd_logit,rho|wet_logit|rx5_share_logit,rho|wet_logit|rx1_given_rx5_logit,rho|wet_logit|stage_alr1,rho|wet_logit|stage_alr2,rho|cdd_logit|rx5_share_logit,rho|cdd_logit|rx1_given_rx5_logit,rho|cdd_logit|stage_alr1,rho|cdd_logit|stage_alr2,rho|rx5_share_logit|rx1_given_rx5_logit,rho|rx5_share_logit|stage_alr1,rho|rx5_share_logit|stage_alr2,rho|rx1_given_rx5_logit|stage_alr1,rho|rx1_given_rx5_logit|stage_alr2,rho|stage_alr1|stage_alr2
GFDL-ESM4,ssp126,2042,7676,-0.235238368972377,-0.18402066109716,0.296027299905739,0.500091408398128,0.23483880621672,0.219198934346851,0.139623580829427,0.9190700959898,-0.937191256209212,-0.855867037716225,-0.278981785830448,-0.00891262431310042,0.168553176056926,-0.925531218438323,-0.821219926193004,-0.411460148379687,0.0705883732035533,0.255098358935908,0.892533089558208,0.244767729010758,0.0984393049977476,-0.170719740116674,0.370539177511686,-0.0218644653779878,-0.194633568997833,-0.363872015105817,-0.262485244851049,0.617411495648601
GFDL-ESM4,ssp126,2043,7676,-0.229995507990171,-0.179985191787561,0.289397080786534,0.500259688489297,0.231388584349735,0.21562652701586,0.149117045862255,0.918919355758954,-0.934636245956781,-0.852769184374759,-0.281787642330588,-0.00452096851328486,0.185036519382646,-0.921073960933092,-0.819160121927789,-0.411952992715081,0.0718945391397103,0.272213724628425,0.88703171481567,0.238968667111491,0.107433715003103,-0.176218925870122,0.373238992942565,-0.0233153197932453,-0.202964147561111,-0.364006843273718,-0.270813082017564,0.628508019190637
GFDL-ESM4,ssp126,2044,7676,-0.22699544980125,-0.181554996818983,0.29307673925043,0.500944009873831,0.248749308850403,0.214639631837172,0.145015616326407,0.91919647693441,-0.932355024230168,-0.850906651169775,-0.261486386304093,-0.0159494637926718,0.171498159398664,-0.91835733808444,-0.819180442455636,-0.391709382146533,0.0575034033168161,0.258514360014408,0.886731777648355,0.214920975042928,0.125568237895226,-0.158715154282675,0.363672323661499,-0.0121345225470364,-0.193522677200236,-0.360659891759695,-0.251805926879623,0.624814264755286
GFDL-ESM4,ssp126,2045,7676,-0.22473835087869,-0.181580719958585,0.293708327940963,0.501066868264582,0.252936944893204,0.190203733459514,0.136850333820833,0.918941255216654,-0.93448880530761,-0.847723146073271,-0.259968691553616,-0.0101395555976398,0.180440582265424,-0.919540774438295,-0.816623582202521,-0.393009806412032,0.0609266679408526,0.269194050329275,0.888307090295724,0.218885443002667,0.110849835452601,-0.172699677722547,0.354010410034316,-0.0311333192361789,-0.206718856078724,-0.342978250492934,-0.2435837753351,0.634709320611428
GFDL-ESM4,ssp126,2046,7676,-0.22283224591778,-0.176028117086169,0.289472518260865,0.49630194365943,0.267813414000106,0.192296828940557,0.143557906632778,0.920268677817649,-0.934052334555993,-0.847126581576607,-0.251713711630447,-0.0235009024771518,0.171322377884489,-0.920921377446695,-0.817345271838777,-0.38030337560041,0.0531354359012405,0.26432934127047,0.890287746912704,0.214999330830751,0.118831456210161,-0.166510974607747,0.355063773562396,-0.0162613783563939,-0.192716074000317,-0.34522765395071,-0.24649672371479,0.635501921581297
GFDL-ESM4,ssp126,2047,7676,-0.225987476295144,-0.178162782941238,0.296044123202033,0.497077635245401,0.267297170416676,0.183238654782335,0.122006232397183,0.921428999677274,-0.93338124617653,-0.847478796001688,-0.271601473822588,-0.0213855418103016,0.197219855149556,-0.920920906384311,-0.81426457784317,-0.404606616563199,0.0492257632648062,0.285423383383074,0.889345012540039,0.236714523353591,0.115418605393117,-0.191831830716122,0.369919762784668,-0.0216240126757119,-0.220733906973026,-0.333674079609118,-0.258093857215107,0.621608419917577
GFDL-ESM4,ssp126,2048,7676,-0.224640048400543,-0.176179951942964,0.298291918067378,0.49450066082165,0.25637449156748,0.199255913154881,0.129148062984154,0.919891986138429,-0.932991416952918,-0.849065079508002,-0.240964335637973,-0.0231263334522874,0.197331046611678,-0.91830113907527,-0.815362298543641,-0.381068823284058,0.0496175923754039,0.284768880426074,0.889922644110235,0.207453339462796,0.114077105428916,-0.192834495213644,0.348703355709081,-0.0180544381166936,-0.215549846993779,-0.340364344825706,-0.249820627413396,0.62202846139929
GFDL-ESM4,ssp126,2049,7676,-0.223280985192137,-0.17358662747726,0.292790077738451,0.489653463616629,0.246287542040122,0.205807152296492,0.130986079995251,0.917352956126062,-0.933866689064755,-0.849748335402878,-0.227185183898075,-0.0294658587555685,0.180096590945576,-0.915681611791706,-0.812865935695424,-0.374781625724182,0.0469474586375106,0.273293620664273,0.890039388990316,0.196096255194029,0.115571309053461,-0.176534129589158,0.332481288197302,-0.0183166962647595,-0.209717476319632,-0.320768789177172,-0.26604807478897,0.6385847270243
GFDL-ESM4,ssp370,2042,7676,-0.26414394268197,-0.212350823530156,0.325903977153035,0.515376053193445,0.305077329655826,0.203620189465078,0.119865548554233,0.920908876734925,-0.934430082236272,-0.862958774632313,-0.247537016625658,-0.0341274760365089,0.145632848737061,-0.924296946399321,-0.834682811012858,-0.345181478262816,0.0392091782630523,0.237069098816372,0.914763648868342,0.22143808055996,0.120163271996461,-0.163645076176791,0.335634900322444,0.0209619600313387,-0.17536744312421,-0.317471471878334,-0.267124117493277,0.632197668640004
GFDL-ESM4,ssp370,2043,7676,-0.267892318645103,-0.214829036175253,0.329260847870366,0.516455997266467,0.30321270377783,0.205736033764177,0.128733353133132,0.919300307177016,-0.933255513408699,-0.862172099300227,-0.240136959029863,-0.0295577453820706,0.130753698874863,-0.923331220405078,-0.837850602612915,-0.328626979171034,0.0483460668190537,0.224405582787525,0.917760913198762,0.210102562820491,0.115632675775889,-0.148651585499758,0.327264428304735,0.0296069870833256,-0.15507859982258,-0.339096971144215,-0.282131332307703,0.643706456502512
GFDL-ESM4,ssp370,2044,7676,-0.269582172008313,-0.216769388489676,0.33056626381207,0.518537959789686,0.323232683708884,0.21481282925575,0.129170072371036,0.919781908748373,-0.933756138684252,-0.86102161324737,-0.239924245603425,-0.0472227934662909,0.129589574040589,-0.924357072514588,-0.837330682872004,-0.331629205656108,0.0287214605648411,0.220577839807893,0.917486669731391,0.214694530970986,0.129213855886317,-0.147362970700427,0.329572917779731,0.0406234292919893,-0.156087519829788,-0.332287938230478,-0.271328371256186,0.645906188471096
GFDL-ESM4,ssp370,2045,7676,-0.26735674088712,-0.213634652640192,0.325223971133584,0.518779692999148,0.318410770237937,0.214631528845289,0.115946119228544,0.919339307372938,-0.934390080054359,-0.861436214619293,-0.238421682637474,-0.0436068731658172,0.143040182705516,-0.92352737708682,-0.834647262502898,-0.340017163529833,0.0301126866854191,0.231814976239302,0.914756702282572,0.220279793657135,0.125548784986992,-0.162081312665709,0.329816125887645,0.0359937348943759,-0.173632194861632,-0.308089448473134,-0.281491259573863,0.64080768361629
GFDL-ESM4,ssp370,2046,7676,-0.262975463815097,-0.212434844024278,0.327173147514108,0.520228366318054,0.327141764682562,0.208416469862568,0.111388348937851,0.917366537889704,-0.93360175509303,-0.859389768651242,-0.250858734172116,-0.0379939801974246,0.131061211176386,-0.92083049222489,-0.832813028658266,-0.355871448559308,0.0400477901519602,0.226598639934077,0.914989684826305,0.233968719981251,0.11815219636421,-0.157532706248684,0.346903567508322,0.0220399245236253,-0.172064014935729,-0.288065885567798,-0.27141571364912,0.653357112989926
GFDL-ESM4,ssp370,2047,7676,-0.261013999792044,-0.211324442726704,0.329500154234593,0.519972940220717,0.332623405872274,0.203116987832011,0.118140514445686,0.91787633472273,-0.935417156140269,-0.859074394608772,-0.251909571935751,-0.0386434653234241,0.119997508531907,-0.92150060871413,-0.83079133330467,-0.364785679318932,0.0369353343725046,0.217895647667883,0.914574183058011,0.247220170322287,0.117524134619927,-0.14961384554156,0.357499388041742,0.0193755744558711,-0.160587831479341,-0.272837765297951,-0.259392197382352,0.650271553856302
GFDL-ESM4,ssp370,2048,7676,-0.261678162556554,-0.211424941375945,0.330734808837017,0.523816310020058,0.327470537526107,0.223501214968619,0.109462936330399,0.917723268086406,-0.935294818278059,-0.85885772254265,-0.266126433625737,-0.0483879539003755,0.126345294203747,-0.919904959689443,-0.829548728392652,-0.380081798849189,0.0291689232718268,0.223834890585945,0.912613976248616,0.254987059000539,0.130527422014787,-0.154355157141731,0.361573094353267,0.0321678980962847,-0.161998357907694,-0.260893714571693,-0.260423106831078,0.641402610321501
GFDL-ESM4,ssp370,2049,7676,-0.260453686128328,-0.208316795674175,0.328803592838556,0.525628448823969,0.322168067268203,0.225216314687069,0.120243101358576,0.918000828257946,-0.9362507344147,-0.854913764154561,-0.269605301189245,-0.0469085713831227,0.132413903840056,-0.921082501511595,-0.826636375746045,-0.381321749519608,0.0282729020762666,0.226692545696937,0.910469017921409,0.25985287604575,0.123969464699328,-0.15837449522914,0.364705413225476,0.025964118536184,-0.167980347330205,-0.260050855074145,-0.250290509112988,0.64618330670751
GFDL-ESM4,ssp585,2042,7676,-0.253837259814535,-0.198680346682686,0.297655389441245,0.512788937404605,0.291128979440399,0.245773242582447,0.152794264627343,0.922507216336764,-0.932045594793657,-0.855116983656445,-0.135937195944093,-0.0938998793431343,0.0639467713545129,-0.919929569068339,-0.824919029417929,-0.242036762080444,-0.0194162994688464,0.170160385078162,0.901701520287194,0.0793043442504089,0.190120779537299,-0.0713433949285332,0.211138393034814,0.0902863713119103,-0.0991122631528472,-0.334893912145435,-0.27504891548556,0.67060817883416
GFDL-ESM4,ssp585,2043,7676,-0.259585332727978,-0.206515736437379,0.304103015002857,0.517295357197139,0.287151974205928,0.244720026628827,0.150771847851188,0.921923423675795,-0.932729872692926,-0.85441279547577,-0.150884209695989,-0.0955248500606726,0.0632360530424127,-0.920334203755695,-0.824974687878016,-0.26087621757509,-0.020940267554201,0.168111094304717,0.900274582884911,0.0917188885078675,0.193761086890727,-0.0645511631194587,0.221726435853046,0.0893923168922355,-0.0994708920372117,-0.337124793287402,-0.269750239710845,0.680045003176373
GFDL-ESM4,ssp585,2044,7676,-0.260473348931226,-0.205406317281145,0.302587800026867,0.519084591683105,0.276736422350092,0.252641257021593,0.144793086837256,0.920029605725952,-0.933086898709786,-0.851773103022801,-0.171608530219102,-0.0964528441170816,0.0689559904066307,-0.918047102840856,-0.818682517887204,-0.285016429260268,-0.0222929911555195,0.176742936422872,0.898505114683676,0.108124174665172,0.19262577101456,-0.0674712289124495,0.231224706989562,0.0938548844300969,-0.100078962117693,-0.346737903395215,-0.275909218223882,0.678610986137507
GFDL-ESM4,ssp585,2045,7676,-0.262410585726713,-0.20779353149972,0.303798843184478,0.52499759328704,0.270321238793986,0.249729011889868,0.154462606819143,0.920256299671267,-0.930970733111394,-0.849774715754241,-0.179017437453144,-0.107339826585495,0.0552610423828381,-0.917187708582226,-0.817397053141308,-0.288828403600326,-0.0330890699129438,0.167120653245641,0.896856265818584,0.105170177251448,0.206528265782601,-0.0557250216801967,0.229749731109682,0.108353244325789,-0.0834852663602834,-0.355229814424124,-0.270459310939269,0.682162070990101
GFDL-ESM4,ssp585,2046,7676,-0.267912425982522,-0.213661834801272,0.316068694865958,0.529839262362384,0.250999698643326,0.258484220196203,0.165551457206907,0.921690225894215,-0.932854124293846,-0.848595951531414,-0.193337507664763,-0.095809657117124,0.06209957766555,-0.919684573064991,-0.817157555105188,-0.30107462555258,-0.0260235595737978,0.167853287985152,0.899560669503347,0.119818786694255,0.190356673479988,-0.0650644595397856,0.226794096257203,0.10669620222491,-0.0809380713066527,-0.338072544799314,-0.25450391004464,0.688208501644048
GFDL-ESM4,ssp585,2047,7676,-0.269919992448307,-0.219406677319756,0.322409952693412,0.537405570556133,0.271033445254663,0.256168260360716,0.162742149974101,0.921336244994863,-0.933310781371997,-0.845049705324857,-0.215818180716318,-0.10079135915722,0.0624368092471235,-0.918116432965606,-0.814526703330563,-0.327992903650895,-0.0348909646424491,0.16648308757079,0.896745062393656,0.145498316043013,0.196872821988227,-0.0637456302909817,0.250188975633956,0.1063564488247,-0.0806601298194713,-0.31107476368669,-0.237027266288031,0.68786533473745
GFDL-ESM4,ssp585,2048,7676,-0.271635128279231,-0.222778930032808,0.32459404649833,0.543853004352819,0.285619162033,0.237241119406574,0.164033053238575,0.922272899593461,-0.933023344012204,-0.839569792957792,-0.2422551208892,-0.0775957468499085,0.0754612520980331,-0.917303832163676,-0.808396467742637,-0.354659305170174,-0.0143616157596125,0.174127040406406,0.892409780069869,0.16479964228411,0.180821924098431,-0.0687854568212788,0.276109326028179,0.085638689036666,-0.0882961874994059,-0.323205742710911,-0.231405617782608,0.679821150039353
GFDL-ESM4,ssp585,2049,7676,-0.277160968728258,-0.227534876282518,0.331033554766218,0.553898122830139,0.277462239186755,0.249054119479986,0.185629631925642,0.922202886724625,-0.932881522721015,-0.839082448513636,-0.238177359870513,-0.0784330874653603,0.0635835716158105,-0.915609763650187,-0.802755461753291,-0.353867273758025,-0.0149477298347796,0.163362493829622,0.892244480750016,0.157428555044915,0.186051669864887,-0.0487470183589468,0.267713661429823,0.0983247327979483,-0.0601049518406456,-0.329682725677581,-0.237971405426674,0.670596539605348
IPSL-CM6A-LR,ssp126,2042,7676,-0.24678188168148,-0.13913149069861,0.294205003624051,0.45447981932166,0.219190723392841,0.195599649488095,0.179277321483066,0.910857416877053,-0.927208031201733,-0.844511920364412,-0.37759322086393,-0.0232252790234257,0.0981430171209834,-0.912346888889326,-0.818133722944839,-0.453726811510707,0.0365699433998763,0.185911188693625,0.912458437043183,0.282922762868803,0.0820109050787255,-0.119427606642369,0.364674301654285,-0.029967340042772,-0.13539870610915,-0.337721932463333,-0.226893319378634,0.668423909482715
IPSL-CM6A-LR,ssp126,2043,7676,-0.246105889795851,-0.139487198444028,0.297925673991275,0.452435185860938,0.217619142969917,0.202182432696581,0.197079953236429,0.910751933273844,-0.926390536239129,-0.846101852790673,-0.379370404606332,-0.0208573799383346,0.0737386148896034,-0.910519212367209,-0.817239682974375,-0.460201499201,0.0379915594918003,0.161534568202923,0.912347601806032,0.288606589923593,0.0801588703991337,-0.0964307236743086,0.370295449941883,-0.0367494742307136,-0.111043773837179,-0.327917939615125,-0.194523790611561,0.673051500076376
IPSL-CM6A-LR,ssp126,2044,7676,-0.246292784998524,-0.138669952219775,0.297529784109123,0.454270379865656,0.208689462300595,0.19975575110175,0.200678803528291,0.912750758051653,-0.928479962634212,-0.847715312707573,-0.39205263398774,-0.0178034217165374,0.0794035804858864,-0.912730702775197,-0.818209706910537,-0.476124341712633,0.0369589985572363,0.163872559245091,0.913590684247162,0.306174973573482,0.076516427342684,-0.0993249373348742,0.380144171211008,-0.036827073232946,-0.109140892508505,-0.308973815037447,-0.196461565010095,0.664698594915454
IPSL-CM6A-LR,ssp126,2045,7676,-0.248239163036387,-0.139942863264676,0.297376843444237,0.45985640409507,0.208259177054755,0.209642906530205,0.199886425499445,0.91349791919785,-0.927925001367718,-0.848219300856443,-0.418388605215978,-0.0148744490652153,0.0913498438173948,-0.913157784984122,-0.815513541921068,-0.497609364359394,0.0423400104476284,0.177922868640431,0.911524163742339,0.324987402668029,0.0826996713200294,-0.102277830243566,0.398086567407242,-0.0301019578243408,-0.11395678050306,-0.313358805530861,-0.200369275526075,0.664251015342629
IPSL-CM6A-LR,ssp126,2046,7676,-0.250549483558339,-0.141111324731988,0.29852019839242,0.463140893205058,0.201755247378878,0.208793609902521,0.202247543595247,0.913304420192009,-0.925795675720942,-0.841264164820842,-0.427444215974212,-0.0165583720978874,0.0812289152715084,-0.91351355962014,-0.811390942497689,-0.503762002077816,0.0464953126680039,0.170465555794741,0.909518882769445,0.32575905979887,0.0814510542677607,-0.0979922064995015,0.392507798769863,-0.0331292022274064,-0.110911133340472,-0.321791038114612,-0.203269145928772,0.66085810097119
IPSL-CM6A-LR,ssp126,2047,7676,-0.248119352608647,-0.137621905563932,0.290573273480038,0.456836465269205,0.209322748131106,0.227091012488445,0.245431222246548,0.913843185220036,-0.926404402589093,-0.840696510624452,-0.439293393466174,-0.0330990746723335,0.0539487391355307,-0.915879337174917,-0.812254402241904,-0.508470268176876,0.0303945017306733,0.143230269598738,0.908185400605937,0.334969956209019,0.0994042465306277,-0.0675829655011543,0.406532437276404,-0.0147265824775827,-0.0749011261740376,-0.309080570622501,-0.191596061850528,0.667109617076144
IPSL-CM6A-LR,ssp126,2048,7676,-0.24522914610246,-0.135440811498255,0.293247897114699,0.456421302244957,0.214211202502316,0.230377981222711,0.251616376333792,0.912911928981761,-0.92492908297492,-0.835570512004968,-0.448821094004418,-0.0290167258329618,0.0672286043549421,-0.915369154432233,-0.807051608703387,-0.519166626138362,0.0332795946499993,0.154973089308443,0.904856865101092,0.345568957638289,0.0947716929983227,-0.0790372514208938,0.406275200904974,-0.0265507177706849,-0.0843982365637275,-0.290538436205933,-0.188378488999249,0.671941209935501
IPSL-CM6A-LR,ssp126,2049,7676,-0.244976515683266,-0.136890101746957,0.296980050511861,0.458409047780806,0.210650615877092,0.228009023973112,0.245287848481268,0.913875575019417,-0.926007462623858,-0.836733788291887,-0.4509531699947,-0.0286548687414569,0.0787524461252,-0.91553038735231,-0.808368251271409,-0.523842833686678,0.0321078719758743,0.166132542119893,0.906679886128269,0.352100974228556,0.0944023331039975,-0.0887556097416543,0.406528836738571,-0.0238635991979992,-0.0978780077003827,-0.291706149827799,-0.194339187630681,0.673146619631057
IPSL-CM6A-LR,ssp370,2042,7676,-0.235741391589074,-0.127616766353956,0.27233030516903,0.460383538447968,0.176079268170209,0.184083169238591,0.112634847912935,0.904964368233638,-0.926830292073126,-0.826019404038376,-0.238808476908105,0.0554805353538615,0.223863929442518,-0.918585031372568,-0.799687307693754,-0.343359469695487,0.103276532014126,0.310160225035253,0.900765158752007,0.17311025757113,0.0138420287001897,-0.24193244540727,0.236605449638792,-0.0547625441277661,-0.233139108887177,-0.315321070135555,-0.268025025914289,0.640165519997208
IPSL-CM6A-LR,ssp370,2043,7676,-0.237886206087365,-0.12809632442844,0.275836107360833,0.465180186650746,0.173671730776973,0.199202934499168,0.131353684692251,0.903268763794659,-0.926295987215478,-0.820982579189556,-0.263363246704863,0.0340646860735499,0.212601713327887,-0.914928228666042,-0.794250423539855,-0.366981258896996,0.0817807867963523,0.302433888817492,0.897473520821457,0.193081358565658,0.0432893885910175,-0.225938067038329,0.244521944867737,-0.0259432091539334,-0.212589964759096,-0.327715613028992,-0.290824132973133,0.641038186194744
IPSL-CM6A-LR,ssp370,2044,7676,-0.235706698605447,-0.123399784253785,0.272551776629854,0.460470684984778,0.171892857985529,0.200274634295295,0.125209740500779,0.902567315103698,-0.925759149031403,-0.82068456712059,-0.279050235084097,0.0263293006783359,0.22017213435818,-0.914476577209766,-0.793548720221079,-0.385611912826883,0.0784704690380195,0.312808080658989,0.898354202515971,0.210865507773632,0.0449990620725645,-0.235301727625961,0.264494241969469,-0.0221315264176888,-0.220713488374005,-0.319729406927011,-0.294628046794592,0.639568885189798
IPSL-CM6A-LR,ssp370,2045,7676,-0.232402789722898,-0.119678438615781,0.270365206129584,0.45830267048514,0.179025215549967,0.190583909919235,0.127918630066788,0.902785849664217,-0.924873872163789,-0.819649987915625,-0.287229847380352,0.024375710924829,0.216459030554313,-0.911359503673998,-0.790659394606051,-0.395885369835319,0.074508181042825,0.312099875683316,0.898177347558196,0.22013690779175,0.0466862829171592,-0.232516183590645,0.271724207799162,-0.0196309855611055,-0.220041098684862,-0.307709869525309,-0.294867422597586,0.647440186772009
IPSL-CM6A-LR,ssp370,2046,7676,-0.234439407806245,-0.119987987765555,0.267652288391008,0.457929861707757,0.183284532557638,0.190462141744395,0.12885493733238,0.90298927149828,-0.925099579338912,-0.818762197426104,-0.305672031842154,0.0176673943041721,0.211556546920853,-0.913342920565584,-0.791566558460986,-0.414066126173783,0.0664018653061823,0.307349528232869,0.898963893960879,0.241420536262409,0.0443418087854119,-0.232771426726959,0.288938638109575,-0.0206811150552894,-0.219450892255376,-0.306000020095327,-0.292829140036541,0.655602885049337
IPSL-CM6A-LR,ssp370,2047,7676,-0.237327060875063,-0.121302615589462,0.266842342978163,0.453901204170772,0.197949146874053,0.205110840527015,0.140464556740436,0.900049004047775,-0.924205627503795,-0.819799994532425,-0.321605802338148,0.0101465234803465,0.204902580918775,-0.912162058774441,-0.791029916732298,-0.429881643753441,0.0630442741656489,0.305030493039062,0.900753396062622,0.253570113802372,0.0540790416427127,-0.224634700256122,0.29176420499028,-0.00641368217847474,-0.210196360342906,-0.301917446393857,-0.287900363962771,0.657864223396592
IPSL-CM6A-LR,ssp370,2048,7676,-0.237970887947083,-0.120973960377909,0.264938278679204,0.457435921758398,0.211752960810505,0.213066999210148,0.158886635494096,0.901213196382655,-0.922947485620085,-0.816066927492881,-0.340374919298383,-0.00134658058266628,0.187033137901748,-0.912696882193488,-0.787565857278631,-0.443315007656447,0.0484955207581586,0.285317279957176,0.898659551585012,0.268569862111236,0.0673663777764533,-0.206344277046829,0.314185880473794,0.0111890032085412,-0.18513255666612,-0.316604403599881,-0.284954689623322,0.665056697895092
IPSL-CM6A-LR,ssp370,2049,7676,-0.239964261594572,-0.127182679923761,0.272602691862476,0.462809640569261,0.216781234887179,0.217247476271894,0.169944441271146,0.901503396223647,-0.921396735898061,-0.812441232584554,-0.323668505621828,-0.00830615966648628,0.168297017308556,-0.910224185037896,-0.784446132309271,-0.43346492561541,0.0372693212911975,0.263088551543851,0.896497660319994,0.252680693315399,0.0786913184202639,-0.18795952744272,0.29649175790964,0.0154422240227878,-0.171554859846717,-0.300040652068171,-0.250893508413786,0.667316653586443
IPSL-CM6A-LR,ssp585,2042,7676,-0.250782712994892,-0.12973979739489,0.269310671766035,0.440606570041254,0.188558456798078,0.190345643777763,0.160203509016854,0.904378313377693,-0.925243628278444,-0.844669793268604,-0.307024315856433,0.018551068471922,0.11627001951062,-0.915539111512897,-0.814273000153708,-0.393652209726081,0.0774116318556186,0.21029143035474,0.916350808481332,0.225044801977393,0.042096520943386,-0.145172183252905,0.312785185716353,-0.0391884167846179,-0.149994033651528,-0.381743999895559,-0.270350568563442,0.659802048200971
IPSL-CM6A-LR,ssp585,2043,7676,-0.250484498218464,-0.129089136129015,0.265995681054225,0.440791333379655,0.184218193192266,0.192786822909113,0.15798222940457,0.905116241958148,-0.923936849947181,-0.846269118081196,-0.316132477707579,0.014481543811109,0.124920606172801,-0.91720804743208,-0.817042309162205,-0.402549019519723,0.0760862154964422,0.222699202358487,0.915897824367337,0.23815900313422,0.0496010480479156,-0.159802921960526,0.330413313881719,-0.0337531945562113,-0.164365801171867,-0.384761454160729,-0.272290042865738,0.655178892204922
IPSL-CM6A-LR,ssp585,2044,7676,-0.251430174269957,-0.128247387259275,0.266658524688771,0.443489749032755,0.17387316564111,0.187067812851653,0.155501670581705,0.903920274487073,-0.922520011061946,-0.841148812622613,-0.310442377584803,0.0196674889296855,0.13852100473764,-0.916568238538888,-0.813255881681539,-0.394062749350789,0.0841998684814678,0.237635770266146,0.912526842171421,0.227858745567716,0.038515814098105,-0.176541382719543,0.316919137100845,-0.0481706311782353,-0.177001436270634,-0.380595943936429,-0.277260153961956,0.64931923328516
IPSL-CM6A-LR,ssp585,2045,7676,-0.251494620901172,-0.126940564037437,0.263347408644873,0.444781435360954,0.168109275357131,0.200290493182336,0.165441879312085,0.902842603520628,-0.922781143575445,-0.839433523011758,-0.303803275216411,0.0247170979198088,0.136927997247332,-0.915382459959907,-0.809810500883693,-0.396511523654364,0.0910397569797462,0.237532371471701,0.910917340994135,0.221073708214564,0.0333688589176337,-0.175144462735219,0.318949939785979,-0.0513672229379063,-0.177277431908371,-0.387584792719609,-0.267161638549291,0.65346344642451
IPSL-CM6A-LR,ssp585,2046,7676,-0.246907561889839,-0.122933989746224,0.263533107895395,0.446937205374944,0.158882394938255,0.197664470080657,0.162688878294675,0.902025527795998,-0.922621550393628,-0.831183597512185,-0.301310354427237,0.0257053492238609,0.135943899960377,-0.915901764065807,-0.803849188867645,-0.393506222496789,0.0925934478038859,0.242619324808115,0.907099137675483,0.217166029701798,0.0350375649777003,-0.176973820840581,0.310867533007544,-0.0515878763881029,-0.177876331109349,-0.389273048191453,-0.269821913777551,0.642661206474448
IPSL-CM6A-LR,ssp585,2047,7676,-0.24998905489499,-0.125107908327125,0.268839551087662,0.449972912443031,0.158947069335032,0.194536509959212,0.138196361999105,0.902110801200056,-0.92346263941274,-0.834668214217695,-0.304089359893965,0.0309666053903487,0.164064305134776,-0.913050453543506,-0.804871944592449,-0.400200107859232,0.0913828895530693,0.263786465324288,0.910171373627663,0.215461861111518,0.0346710951845819,-0.20114433488493,0.302048700042558,-0.0468513806419992,-0.20417181133549,-0.384996801953161,-0.276355589539509,0.638489462557872
IPSL-CM6A-LR,ssp585,2048,7676,-0.251434913419114,-0.125447457154849,0.268018462743551,0.44848679207849,0.174640035385909,0.213169132974419,0.167132194382199,0.902365003006404,-0.923664348725539,-0.835234708946554,-0.324848847906313,0.00326928378210663,0.132773824153816,-0.914181205372566,-0.805386507386493,-0.417096324076066,0.0636454553618969,0.229182754540921,0.910593529048328,0.234549206011972,0.0618171217651914,-0.168774679703718,0.316559105319982,-0.0188523868215973,-0.170224867119402,-0.359859956546519,-0.246432203751654,0.641270749915376
IPSL-CM6A-LR,ssp585,2049,7676,-0.254348552663751,-0.128686296484052,0.271232409904975,0.452673335938997,0.151972075507438,0.207019597718547,0.155432697219647,0.903433106558789,-0.924866675181836,-0.836354097721983,-0.306886479538243,0.00722858959174176,0.14316526309483,-0.915853228295256,-0.804604445884868,-0.39607476006896,0.0606204736913112,0.237007927097347,0.911125724311181,0.210436583420562,0.0626374499057627,-0.175546900190278,0.282475743174799,-0.0129016985085394,-0.176049669519803,-0.368742737457294,-0.260682885509013,0.632659578020759
MPI-ESM1-2-HR,ssp126,2042,7676,-0.269844066798743,-0.224548764001853,0.318601730767206,0.472484114379237,0.289744737239469,0.223223893777131,0.143374839446591,0.921647939198235,-0.930019921542084,-0.87393852335585,-0.292865348820263,-0.0476705588958841,0.125169688604541,-0.920588915296197,-0.852767356720146,-0.408886016911526,0.00903072373233122,0.222163940246168,0.920625176138462,0.24831463518291,0.153975626744312,-0.112247980375672,0.322662254023213,0.0391628829554923,-0.162830332357321,-0.278427811400855,-0.28255051680911,0.700607109492507
MPI-ESM1-2-HR,ssp126,2043,7676,-0.269631836332529,-0.221311814389997,0.320085199824851,0.472199992729634,0.279038376090613,0.219852717949871,0.158672067791444,0.921590594024552,-0.930928925236085,-0.874284847008294,-0.304242327641046,-0.0607770948573882,0.108806552058478,-0.919503322946119,-0.851013967840464,-0.419149480849873,-0.0067305129669853,0.208449152877667,0.924337874072848,0.258604862265125,0.165512374804401,-0.094507434868297,0.325776544194204,0.0579265526821017,-0.141581428533962,-0.276155816481101,-0.298677104472744,0.707818740642143
MPI-ESM1-2-HR,ssp126,2044,7676,-0.268430224231176,-0.218488469014239,0.323591467038946,0.47614648056938,0.277485005905654,0.232279334365108,0.169074034518872,0.920231024565284,-0.930304401716944,-0.870486610555433,-0.342618091624464,-0.0677664945946968,0.10009696749431,-0.917633837544045,-0.846441471781448,-0.457683679953931,-0.0165957387504553,0.197833294092312,0.922216523801483,0.285368675077675,0.17671252080613,-0.0800935322972769,0.357763125781349,0.0588336745962381,-0.143432076100788,-0.265915862573354,-0.263600235032054,0.707438076900177
MPI-ESM1-2-HR,ssp126,2045,7676,-0.270591818608871,-0.222541293509959,0.328533776831082,0.480945598566301,0.291324853152197,0.235339509271448,0.16565024642174,0.918805014775265,-0.928722068467571,-0.872224752221875,-0.322050456244403,-0.0824539044927942,0.0924301434660509,-0.916751894108905,-0.847409310542996,-0.433912372063887,-0.0315006527605802,0.190469176053786,0.922759742904561,0.263040729568507,0.188477716679533,-0.0791352705690045,0.34252733081781,0.0739638805516457,-0.137983629731257,-0.252869330772401,-0.246838015370345,0.71089466571742
MPI-ESM1-2-HR,ssp126,2046,7676,-0.269480967087494,-0.21962136931024,0.32474145009992,0.480921033314297,0.311797150550168,0.222992686878678,0.146471657106177,0.923653779059514,-0.928315287145643,-0.874074735075603,-0.354905509418281,-0.070691096072746,0.109655078939589,-0.921377610654465,-0.848986599434288,-0.457883051395048,-0.0257135684977367,0.202189623227589,0.924715968204481,0.292482556135389,0.171079094416318,-0.0991611533090493,0.362223249261379,0.0678794871815722,-0.152182723317067,-0.217055481581341,-0.223989977788075,0.714132562425065
MPI-ESM1-2-HR,ssp126,2047,7676,-0.271361852931427,-0.223275564497569,0.325203884952015,0.483089003076268,0.318926576526845,0.231302560255597,0.163508664837521,0.921683720524101,-0.930066274248814,-0.872599656219845,-0.347904711233467,-0.0724411018294791,0.0908172222225445,-0.922350708766196,-0.848311148720134,-0.457829344454977,-0.0282014378579762,0.184664992774596,0.924740975596005,0.294833956419282,0.165268350823201,-0.0869518268499582,0.368675271034733,0.0657956699706652,-0.136604197419054,-0.210048829244217,-0.211635747991657,0.722559805849466
MPI-ESM1-2-HR,ssp126,2048,7676,-0.271488277473237,-0.222582141573983,0.328303404104891,0.483713382300617,0.317393852044102,0.229871288616973,0.153848973532013,0.922864052234747,-0.930109875446394,-0.874503722007331,-0.323897442595052,-0.072973029285156,0.0905011020627767,-0.922234633418125,-0.849812017473891,-0.436233482577571,-0.0281844838091094,0.182715225824744,0.924400887904104,0.273921515813239,0.167887251524362,-0.0849956449964953,0.350314641824897,0.0656849506789594,-0.138880670000763,-0.215640370235536,-0.213463134565049,0.719416535530804
MPI-ESM1-2-HR,ssp126,2049,7676,-0.272068200058892,-0.221549181339492,0.325433952512631,0.481990470332179,0.321356515346701,0.234664188841051,0.168101448375643,0.920075128532978,-0.929887770480056,-0.869573860020852,-0.3253923155066,-0.071539375925731,0.0957836508303321,-0.920855139688389,-0.845920384599466,-0.43926597635086,-0.0212943333543542,0.192455276997639,0.920297956120875,0.276439336638813,0.1704883069479,-0.088379349582369,0.349779401891182,0.064118370019475,-0.140489293009754,-0.214935091485007,-0.21575686878531,0.713985791479111
MPI-ESM1-2-HR,ssp370,2042,7676,-0.277839361906834,-0.225184515478896,0.345609428850915,0.480973072603002,0.262811190630869,0.216363607011505,0.122045567567348,0.915897058907591,-0.929340552405525,-0.863042196274188,-0.354838499131562,-0.0421902540254473,0.15489767371173,-0.912229729771594,-0.84279181358014,-0.479901310889722,0.00874645999422695,0.232308370576488,0.918592308168421,0.307389164548918,0.151742212367015,-0.137962011668253,0.378486956266796,0.0283150250849019,-0.184289082514832,-0.243643908674937,-0.254175890564513,0.633235515202645
MPI-ESM1-2-HR,ssp370,2043,7676,-0.275981832485189,-0.224552665099823,0.352285712272031,0.484637570196421,0.261996001192699,0.228149993001763,0.131216229613322,0.915096871305429,-0.927855261704918,-0.857361333690086,-0.338984171932012,-0.0278253894494992,0.165143130226275,-0.908608839601244,-0.836602458892292,-0.464571961222886,0.0192684606960642,0.240928782499292,0.916925308613899,0.289359073369972,0.150441280323286,-0.135801999691014,0.353305081942592,0.0267463632113919,-0.182403567365069,-0.240544649737836,-0.242898089153906,0.632587246639836
MPI-ESM1-2-HR,ssp370,2044,7676,-0.280965395596883,-0.228107015951121,0.356552088919985,0.484558480454973,0.284335816803806,0.209615417249637,0.109185064043464,0.92073362240027,-0.930849908842096,-0.860639493002562,-0.349978403504236,-0.01321647407434,0.189424683117408,-0.914194620537639,-0.838815617084102,-0.466813384169,0.0272425854468243,0.258868124311671,0.920912925760401,0.303904698302037,0.137431238162778,-0.160251253351686,0.348483372096725,0.0171045987621776,-0.207626083797469,-0.22143835383246,-0.233199076700789,0.637383793395989
MPI-ESM1-2-HR,ssp370,2045,7676,-0.28140339778968,-0.228008674132866,0.353798647129994,0.491690546144944,0.275128116760797,0.202393091849075,0.100826676946748,0.921585379101294,-0.930132038150539,-0.854590755733349,-0.374765469256247,-0.0112685690706962,0.195157787429141,-0.916006342425202,-0.834582014077165,-0.480267377525882,0.0182364234293474,0.260293084552755,0.921000531201777,0.313320732027327,0.140675581199699,-0.164497984326134,0.353559689469958,0.0338732829274473,-0.204501891257747,-0.228615030782665,-0.227506316099874,0.637161542205075
MPI-ESM1-2-HR,ssp370,2046,7676,-0.28098186807965,-0.223919637194874,0.348990687426731,0.487614865080617,0.252964680071771,0.207584957763189,0.123383036396631,0.921912968501883,-0.931741066914567,-0.854220932185585,-0.361843875215348,-0.00735244297417574,0.180787518828876,-0.917976584835095,-0.835294944885172,-0.465162615347071,0.0184211047922341,0.2447299911005,0.9212436657304,0.294784069665891,0.13461724934341,-0.148640540100622,0.328494355631941,0.0302201603931019,-0.188480755042477,-0.229861980042544,-0.209612480983863,0.65170724861778
MPI-ESM1-2-HR,ssp370,2047,7676,-0.27901823139877,-0.220664444911617,0.345468497913121,0.494462452870082,0.237560304351018,0.218556559291154,0.143111635230385,0.920400438175685,-0.931111550581744,-0.854825715886009,-0.36427782127324,-0.0164375906770933,0.168907009025218,-0.918660750010943,-0.834749442978434,-0.47883655549949,0.00961588592946825,0.232511791735218,0.920831671916121,0.307764501322172,0.146224563337181,-0.130373708338485,0.352123332305649,0.0376900090600432,-0.177052017866975,-0.233628796514224,-0.22310763414345,0.669989977306261
MPI-ESM1-2-HR,ssp370,2048,7676,-0.279267978617207,-0.22414770939892,0.352111933942577,0.495350984140185,0.236968622503709,0.211256054983187,0.137325269862135,0.918612223545466,-0.932878164103651,-0.853446858126,-0.359000553658326,-0.011368856370377,0.177926108903443,-0.916526152789521,-0.834477191252327,-0.478404146340261,0.0175012082055847,0.246791424984537,0.919832207337215,0.304765167883224,0.138288201777816,-0.13878636218511,0.349396944252829,0.0279700147205344,-0.187041785304677,-0.228710253481551,-0.225659966998105,0.665431479921955
MPI-ESM1-2-HR,ssp370,2049,7676,-0.281208037501999,-0.226832328231491,0.353510284788221,0.495332722453379,0.235365709692817,0.210790246216682,0.147578850898782,0.919070452056417,-0.934149047427278,-0.859386238891946,-0.344845397357454,-0.01240688733319,0.178614981070423,-0.914969295410776,-0.838457413071883,-0.472002589733909,0.0182504791782177,0.25011713173014,0.921356294677624,0.297290072870268,0.140516729629084,-0.137647739090451,0.353379611435122,0.0310483928895411,-0.185535890774393,-0.226576627717161,-0.231995116081047,0.667796971749574
MPI-ESM1-2-HR,ssp585,2042,7676,-0.262750129045885,-0.21526270455084,0.331062133607886,0.497270909889385,0.237350082499196,0.172831597905605,0.09704422389648,0.91653270634975,-0.925990788483114,-0.852696711030731,-0.304486467560069,-0.022666120074025,0.166795786236013,-0.916386816664292,-0.821316548852121,-0.443270066643392,0.0195891664082601,0.256611592155208,0.912000498653034,0.276318445903628,0.126218268979349,-0.166019351596885,0.281136783842642,0.0112533517893844,-0.200806591288171,-0.199045342404268,-0.183474346454552,0.641676844142209
MPI-ESM1-2-HR,ssp585,2043,7676,-0.261995137036237,-0.213665352918732,0.328824029784466,0.492498412435825,0.24326507623095,0.164033985038282,0.0899557790033885,0.918202916381011,-0.926270267017686,-0.856742105026982,-0.293810633629452,-0.0229925421372941,0.172558873478485,-0.917981526556975,-0.824548412582515,-0.426467358801824,0.0185088527109122,0.262408889704599,0.913912625472562,0.268927207076715,0.125198209167478,-0.169359223813869,0.267374249269419,0.0108523224498462,-0.208440887986117,-0.198611174524353,-0.181324544234404,0.635669663728247
MPI-ESM1-2-HR,ssp585,2044,7676,-0.263744462316622,-0.21277006247138,0.331441893647377,0.494515882951452,0.225003415501177,0.148233652213574,0.0717027156181284,0.917927661647504,-0.923472212091208,-0.854304633743898,-0.293847824003347,-0.0197339198786759,0.178256100019487,-0.915462669867752,-0.825095045429225,-0.419133017638125,0.0196362931569901,0.266676097351064,0.915377817998501,0.263287193234626,0.124584445454469,-0.172793324215091,0.261747058201673,0.0163522245955432,-0.21149981685193,-0.218009587171726,-0.189745461435588,0.627389565170771
MPI-ESM1-2-HR,ssp585,2045,7676,-0.263016395839951,-0.213230976052972,0.334598240659504,0.494020963908,0.228228621622266,0.147420929636366,0.0604832190525319,0.919130551516176,-0.924425499799664,-0.855834958953916,-0.301490799416365,-0.0218935996525954,0.175878665259976,-0.91567993854375,-0.826539243306002,-0.427008595253811,0.0144055553665929,0.260934947140574,0.918281559159569,0.264987231392655,0.124377142754623,-0.172444279386773,0.261924683631571,0.0130647583125268,-0.222529766064067,-0.213387134702792,-0.168406969302485,0.618541917062772
MPI-ESM1-2-HR,ssp585,2046,7676,-0.262300900024908,-0.210320255339971,0.334693785618887,0.49117550161086,0.195420872205982,0.160636286204926,0.0512615506095189,0.919646316149818,-0.923362955480723,-0.856554756001045,-0.290191912049816,-0.0306207516947454,0.173004017134925,-0.915672504015824,-0.828622497840139,-0.41964943171864,0.00641927278232069,0.259170983578213,0.921178504187213,0.250490966677318,0.134098002087068,-0.169192287487713,0.253316305994375,0.0301277353420396,-0.21996658370735,-0.214523668231238,-0.199763763320606,0.622809308573487
MPI-ESM1-2-HR,ssp585,2047,7676,-0.261647259447353,-0.209356940106351,0.335588529848382,0.489305763213968,0.184894150321272,0.142038842644715,0.0510329076066782,0.92110834102169,-0.923439712381945,-0.858163193762846,-0.28856762906979,-0.0100323434496262,0.180887103395571,-0.918683918023309,-0.830790243682248,-0.414174691072472,0.0169144073496799,0.263236963891406,0.924140125170676,0.252502340606839,0.109169348162973,-0.179645795038026,0.251620660629682,0.0130583750439423,-0.224782804892611,-0.20891625333905,-0.19752429608762,0.637653491716898
MPI-ESM1-2-HR,ssp585,2048,7676,-0.260359571917139,-0.209164648119662,0.333930420746044,0.486534590709408,0.195116286647384,0.128570482147245,0.0456314798824562,0.921405043972414,-0.924165430626144,-0.859986566689717,-0.285700958782736,-0.0121137504581977,0.17032784990351,-0.918554760213371,-0.832035287686935,-0.41447106835916,0.0159258990786008,0.255680670514598,0.924712824045854,0.254997950626373,0.108427487544893,-0.169017382340596,0.257474232393857,0.00861871366063618,-0.217142399198734,-0.201951811339317,-0.203263727993303,0.637107409257739
MPI-ESM1-2-HR,ssp585,2049,7676,-0.262462348502167,-0.212782595917389,0.336973177951665,0.489496623310297,0.197698868705445,0.130387777202617,0.0362927924562701,0.923572929136518,-0.923375946694272,-0.860824064411226,-0.294170812635853,-0.010808075020446,0.176246252865046,-0.917608172831885,-0.833508944417514,-0.421457068431018,0.01364308146118,0.258198934366835,0.923753875800686,0.25739049123189,0.109949061701255,-0.174192638031212,0.261779201722425,0.00565273897996755,-0.22535601987653,-0.17594547328217,-0.177501487674437,0.643028878192265
MRI-ESM2-0,ssp126,2042,7676,-0.271388136827521,-0.206838528534536,0.317090353493604,0.471719691312308,0.148671800613626,0.178146039401717,0.0917818176704242,0.916341258194561,-0.932184787670276,-0.869796451652324,-0.452857757002713,0.0120908792455831,0.260538681162895,-0.907898333343128,-0.840773039083009,-0.591589624336282,0.0756233234765016,0.352617985783641,0.91672007150102,0.373345720166689,0.0870693487481668,-0.249643331663742,0.445503708936327,-0.0389025707840873,-0.286587774398858,-0.384944689436859,-0.384960265356192,0.639158374752792
MRI-ESM2-0,ssp126,2043,7676,-0.276048086759427,-0.212684289694843,0.31596457660662,0.474498613290856,0.163339101634437,0.1960167612264,0.115548125207692,0.916028350305629,-0.931419859558273,-0.86948542775615,-0.458488479701979,-0.00695258997410531,0.232734712293968,-0.908230084847953,-0.843548411070811,-0.596240271765829,0.0581914673901033,0.326027889509844,0.914454205494535,0.382640965170856,0.103322590199984,-0.217906645702081,0.464240572163684,-0.027970189142796,-0.262970783309866,-0.361873828114402,-0.368701934715966,0.665423889058262
MRI-ESM2-0,ssp126,2044,7676,-0.274437753938226,-0.208487720612613,0.319187965929499,0.470103915418367,0.1642795637781,0.215109290173014,0.136628323710465,0.916558470780418,-0.931081861648026,-0.866996266973277,-0.467543973108339,-0.0311856670157181,0.203985576744122,-0.909408637248893,-0.840197053121387,-0.605275242416221,0.0309593997337836,0.296592827606148,0.915365670302002,0.397240571365877,0.127068717384177,-0.186326420059529,0.470372684836131,-0.00301688379663604,-0.238450688982885,-0.334541933682928,-0.358702667057744,0.672088006538275
MRI-ESM2-0,ssp126,2045,7676,-0.270003411674124,-0.206693574871087,0.314891490755862,0.464063894699557,0.165838799575213,0.204315961035096,0.135334627665909,0.91443062192015,-0.929768459727454,-0.86428525266695,-0.453591795775374,-0.0192558977881165,0.212276773004332,-0.907804049812108,-0.839272818457328,-0.594149233547175,0.0426516045151793,0.304864329585113,0.914436121260397,0.38178476297068,0.116732785070476,-0.190408971407667,0.460239797037102,-0.0154935364431836,-0.242235113867307,-0.344324042989148,-0.358409038395922,0.663899312011026
MRI-ESM2-0,ssp126,2046,7676,-0.272954053047799,-0.209479521192792,0.320864734274272,0.464278203605273,0.168255647011476,0.208737994935481,0.143095256414631,0.913232931406818,-0.932388160576304,-0.865180817139495,-0.456139490177854,-0.0242941678826814,0.200104915379166,-0.908300960980657,-0.837163848323315,-0.597098904788972,0.0382821754322101,0.291648972312236,0.916668736271063,0.385845516544072,0.123752637395339,-0.174614767720514,0.457327790640265,-0.00207817792339724,-0.224838388333207,-0.358776849435216,-0.367480021365851,0.666901369945956
MRI-ESM2-0,ssp126,2047,7676,-0.268328122559735,-0.204744593935636,0.321099049062907,0.469451256144598,0.156818710859362,0.208285286669163,0.128531740082125,0.913291439743767,-0.92984888917155,-0.861048136595281,-0.46598000093487,-0.0274964498449418,0.21847795552059,-0.90599558929495,-0.831970203862067,-0.604848032561856,0.0293340623041113,0.304572621682322,0.914517111792166,0.381978742105635,0.133746318213213,-0.190400754354018,0.446210808029984,0.0123699544314005,-0.240160993502503,-0.349085552662577,-0.364728453719139,0.648381483214735
MRI-ESM2-0,ssp126,2048,7676,-0.266584006356354,-0.200887335649004,0.316196321001125,0.463931057901482,0.163437837637614,0.209410872077687,0.124159352210083,0.914536817477239,-0.930297373260135,-0.860753886686549,-0.471864156876662,-0.0342645998972172,0.207631168138894,-0.90726501045409,-0.831828224292622,-0.607325378055267,0.022591936190186,0.292403847547253,0.914180149784447,0.387407622151519,0.13971419107608,-0.180234911844015,0.448339441117648,0.0141827801587537,-0.234146383302987,-0.337538678080716,-0.360321048574292,0.653780307448196
MRI-ESM2-0,ssp126,2049,7676,-0.264494627452895,-0.199519661282619,0.318262828975731,0.464196109737606,0.154727472328019,0.20599093014233,0.116893814991863,0.915388662581682,-0.928933345167546,-0.861368771771836,-0.476048676426053,-0.0280059653112414,0.223872038548633,-0.90749306492013,-0.830804496533413,-0.607756047054714,0.0224169240856582,0.30118522750152,0.917551403828021,0.387726547287925,0.133482589976849,-0.194997634701126,0.437036749994996,0.016084492125192,-0.241936233870807,-0.332636820247279,-0.359713579885788,0.641147173054047
MRI-ESM2-0,ssp370,2042,7676,-0.251084386876985,-0.194633067424461,0.290677040090329,0.454021393039452,0.154554420873696,0.215720041226239,0.189508315556759,0.912208847762953,-0.931919705980905,-0.864645237480603,-0.464746208365994,-0.020251929478577,0.156464255952061,-0.903417271671205,-0.838827121533919,-0.605113668927774,0.0434437016306624,0.251359744061208,0.903960724988568,0.380631652741597,0.121625159854912,-0.138973848617247,0.468163447495862,-0.0325983343853377,-0.190577816256205,-0.33675637800871,-0.355849824508141,0.694389772040554
MRI-ESM2-0,ssp370,2043,7676,-0.250500185280113,-0.19480395438096,0.287446687393566,0.451892486499717,0.159066083105022,0.218496741107048,0.183243439013669,0.912893642976166,-0.931994949507369,-0.866192787624414,-0.462801827998269,-0.0162116140735076,0.163699793607908,-0.902339051682712,-0.84086951341114,-0.605379634096614,0.0494964813112506,0.26013200437429,0.90209471583408,0.379713772912733,0.119691143766293,-0.146121470646081,0.477281470182124,-0.0344079400093558,-0.194562745589157,-0.33387107784484,-0.347339810179695,0.674791063051546
MRI-ESM2-0,ssp370,2044,7676,-0.251465781173431,-0.195586032615726,0.285475519351444,0.454748380443854,0.163897763061783,0.209686849571435,0.181486043428693,0.912188370310956,-0.933889493837299,-0.865675172748029,-0.467095939303289,-0.00131554530133636,0.169449635735744,-0.901865650257115,-0.839643694873837,-0.613564925247648,0.0663585659151837,0.267491477188397,0.89853896317182,0.383143593928839,0.109259197867963,-0.148512815156562,0.489065497015519,-0.053027241166375,-0.204008877813022,-0.342561367953844,-0.352028029704,0.672095043180357
MRI-ESM2-0,ssp370,2045,7676,-0.250846301129214,-0.192940003698003,0.284840753475694,0.453171594339292,0.170994972380575,0.213040901606496,0.173598372821023,0.914174102000182,-0.933573014892755,-0.865531828168357,-0.479084451641236,-0.00122258315650249,0.178230635940349,-0.901767980792839,-0.839362069758452,-0.617877801707636,0.0623557628702278,0.271547577348783,0.899198374398232,0.388882383259742,0.11332095572133,-0.155446638142928,0.493997404381609,-0.0455409696398116,-0.20650238598128,-0.342377326807547,-0.359056471642915,0.662867282422667
MRI-ESM2-0,ssp370,2046,7676,-0.253001645019856,-0.194622745212002,0.28706322485476,0.449940177477808,0.169224577783591,0.204911532017143,0.156658267727266,0.917090630620307,-0.934422111102698,-0.862304731708351,-0.481064344863175,0.000377881673351528,0.18747925269589,-0.906465933311307,-0.838774042664957,-0.612157457289853,0.0583949206745664,0.278909713772275,0.900170940386179,0.387340599604182,0.106147878998813,-0.173456711903103,0.484660977797702,-0.0507154056845575,-0.222935783002104,-0.342826504081689,-0.35478230258129,0.651511190320993
MRI-ESM2-0,ssp370,2047,7676,-0.254167351461487,-0.194306276187766,0.289771617219847,0.453709214531515,0.174734038206863,0.212085286641139,0.148085887698896,0.917901348941585,-0.933651195689471,-0.861872589334178,-0.488237981401957,-0.000653965332310759,0.193789295379875,-0.906102487861558,-0.835260807768067,-0.61645588552513,0.053642133647802,0.280283397096846,0.89931012404679,0.393348745917537,0.104426563385162,-0.185484125235503,0.489989596060974,-0.046699565109109,-0.224790386418547,-0.339796481728266,-0.34143116131065,0.644256805143554
MRI-ESM2-0,ssp370,2048,7676,-0.257251292491004,-0.199783011845971,0.295193993736641,0.455436048226067,0.181833305559296,0.212072765926736,0.142783316873528,0.920447027136492,-0.935974509388986,-0.865608082389675,-0.485543585161335,-0.00293772447789854,0.192028186905189,-0.908851464542821,-0.840781698467544,-0.607774443365883,0.0520841100596001,0.276615080638172,0.900803364440622,0.388158755714368,0.108551431489209,-0.184030256794969,0.48274528887391,-0.048751324294264,-0.224336863183298,-0.328989564177829,-0.323049977005235,0.634318238051339
MRI-ESM2-0,ssp370,2049,7676,-0.260812611682623,-0.202880809171657,0.296671982305645,0.453733611196715,0.178368203056538,0.22600841341656,0.147003955023263,0.919930383775062,-0.935063859802084,-0.866143675693073,-0.480838551421098,-0.00562572034427106,0.184247832358599,-0.908531770641255,-0.841402351219169,-0.602674528708584,0.0506743338068808,0.269028794812521,0.901067262169658,0.382807841738922,0.111070436342009,-0.181031679446094,0.478000485335367,-0.0401616155634206,-0.220686903893496,-0.333079114512728,-0.310732009230917,0.641588040298463
