esm_id,member_id,scenario,variable,start_year,end_year,dataset_id,file_id,file_name,version,size_bytes,sha512,file_url,rights,public,restricted
gfdl-esm4,r1i1p1f1,ssp126,pr,2041,2050,24cb1007-3c96-4b59-a0dc-42d94a8cff8c,1c590e23-31e7-4475-bde9-8eca462c4b3b,gfdl-esm4_r1i1p1f1_w5e5_ssp126_pr_global_daily_2041_2050.nc,20210512,2076388276,678cebcb61930c5d4aa17ab7e8ab2cb5b4c5c1d89c8467d23c2bdc67df09214124ab1720e5742eaef513493afb7084fd0afc97a24b6b2773657b0c579f361f61,https://files.isimip.org/ISIMIP3b/InputData/climate/atmosphere/bias-adjusted/global/daily/ssp126/GFDL-ESM4/gfdl-esm4_r1i1p1f1_w5e5_ssp126_pr_global_daily_2041_2050.nc,CC0 1.0,true,false
gfdl-esm4,r1i1p1f1,ssp126,pr,2091,2100,24cb1007-3c96-4b59-a0dc-42d94a8cff8c,e78d23ef-47b8-4deb-b46e-d56e9863d31e,gfdl-esm4_r1i1p1f1_w5e5_ssp126_pr_global_daily_2091_2100.nc,20210512,2077308090,29cd92d35e82d5da21773ce32fff8c61bdc8e1e34121001843e73aaf610c4a77d51098ba5119e9e8826f534ce89dace5bda355ffa0b5ebca510482ffae8d1ffc,https://files.isimip.org/ISIMIP3b/InputData/climate/atmosphere/bias-adjusted/global/daily/ssp126/GFDL-ESM4/gfdl-esm4_r1i1p1f1_w5e5_ssp126_pr_global_daily_2091_2100.nc,CC0 1.0,true,false
gfdl-esm4,r1i1p1f1,ssp126,tas,2041,2050,f741da2d-9d21-4c86-be9b-484396303e33,827f5957-05a5-4205-8bcb-a593a2c323b5,gfdl-esm4_r1i1p1f1_w5e5_ssp126_tas_global_daily_2041_2050.nc,20210512,2052378930,3f6caf0e1f7bdee50ab7d89e7c033739e94da3aa1cc9082643d8a380f9dd915b073fb478344e53e338cb7d3738a94e0de698fade39b003e516e0fb1f1090e090,https://files.isimip.org/ISIMIP3b/InputData/climate/atmosphere/bias-adjusted/global/daily/ssp126/GFDL-ESM4/gfdl-esm4_r1i1p1f1_w5e5_ssp126_tas_global_daily_2041_2050.nc,CC0 1.0,true,false
gfdl-esm4,r1i1p1f1,ssp126,tas,2091,2100,f741da2d-9d21-4c86-be9b-484396303e33,145820f3-eaf1-4279-a8e2-2ccbe3938fe3,gfdl-esm4_r1i1p1f1_w5e5_ssp126_tas_global_daily_2091_2100.nc,20210512,2052768795,8fb466dabda38408f79a913678477cb51a3de2d812a7f6a6e6221325551638d88489002185381d1c75843ed4d6ef3f8e2b67e6f39361b8e2474379a7761aeefa,https://files.isimip.org/ISIMIP3b/InputData/climate/atmosphere/bias-adjusted/global/daily/ssp126/GFDL-ESM4/gfdl-esm4_r1i1p1f1_w5e5_ssp126_tas_global_daily_2091_2100.nc,CC0 1.0,true,false
gfdl-esm4,r1i1p1f1,ssp370,pr,2041,2050,5fe132b1-6f3e-4a9d-a613-ac3752109e03,c954e0ed-64d9-434e-9629-b1503854848d,gfdl-esm4_r1i1p1f1_w5e5_ssp370_pr_global_daily_2041_2050.nc,20210512,2069328622,ed616c7c7d903c33cadf2a3e1580e084375723816d3538a03ad8a52df232e3630281a45b88dd2a4455c97bb780c1048245344000f9524a00e8f04d926b9610fb,https://files.isimip.org/ISIMIP3b/InputData/climate/atmosphere/bias-adjusted/global/daily/ssp370/GFDL-ESM4/gfdl-esm4_r1i1p1f1_w5e5_ssp370_pr_global_daily_2041_2050.nc,CC0 1.0,true,false
gfdl-esm4,r1i1p1f1,ssp370,pr,2091,2100,5fe132b1-6f3e-4a9d-a613-ac3752109e03,a9aa0828-9a8f-43f7-b12e-2e07bc8ccbfa,gfdl-esm4_r1i1p1f1_w5e5_ssp370_pr_global_daily_2091_2100.nc,20210512,2085164598,ab5ed0004de4b1ea4d6da1ed16f1800eedac2f1c2c8ffcc5f5bb68c084a51740fb4a579ec9c2a9d15f16231c3e6ae03d5a1297c3b0493a714174ab2bdb7059ff,https://files.isimip.org/ISIMIP3b/InputData/climate/atmosphere/bias-adjusted/global/daily/ssp370/GFDL-ESM4/gfdl-esm4_r1i1p1f1_w5e5_ssp370_pr_global_daily_2091_2100.nc,CC0 1.0,true,false
gfdl-esm4,r1i1p1f1,ssp370,tas,2041,2050,5614ea49-3a01-4fad-85d2-baea38727038,5dbd2a99-b684-4b00-a7b0-6b236e883ce9,gfdl-esm4_r1i1p1f1_w5e5_ssp370_tas_global_daily_2041_2050.nc,20210512,2052839269,a87b7b93d1753b6e013e42a0d89937e5fe83580c1b016cac034055f474850f352a41a8913a3a07c891cc843ebed559d5b06cd00383bfb591a7df80f182320006,https://files.isimip.org/ISIMIP3b/InputData/climate/atmosphere/bias-adjusted/global/daily/ssp370/GFDL-ESM4/gfdl-esm4_r1i1p1f1_w5e5_ssp370_tas_global_daily_2041_2050.nc,CC0 1.0,true,false
gfdl-esm4,r1i1p1f1,ssp370,tas,2091,2100,5614ea49-3a01-4fad-85d2-baea38727038,a619efe3-c72a-4cf1-87aa-cfd1f99b8e9a,gfdl-esm4_r1i1p1f1_w5e5_ssp370_tas_global_daily_2091_2100.nc,20210512,2050541351,1577cdab5506f6ac7e37b63f41d98f4176fabc6a9139aa5e1da160abeaee64620700c28628294ac14a150a500eb88e808c12b2e3a33164fc7f15fed7ce846ee1,https://files.isimip.org/ISIMIP3b/InputData/climate/atmosphere/bias-adjusted/global/daily/ssp370/GFDL-ESM4/gfdl-esm4_r1i1p1f1_w5e5_ssp370_tas_global_daily_2091_2100.nc,CC0 1.0,true,false
gfdl-esm4,r1i1p1f1,ssp585,pr,2041,2050,4beceb4b-4626-4026-96d1-6d3544981eb4,a1a4f988-d018-452e-b5fa-6e33cedcf175,gfdl-esm4_r1i1p1f1_w5e5_ssp585_pr_global_daily_2041_2050.nc,20210512,2074270346,f94f573a7fb430c6eabbe9139b1fe59e03800503268ac6ca082094e8828e25cf06f66e4c71a3333b58a29f138f180cc0a817f92bf680aa770602ead0d3676ca1,https://files.isimip.org/ISIMIP3b/InputData/climate/atmosphere/bias-adjusted/global/daily/ssp585/GFDL-ESM4/gfdl-esm4_r1i1p1f1_w5e5_ssp585_pr_global_daily_2041_2050.nc,CC0 1.0,true,false
gfdl-esm4,r1i1p1f1,ssp585,pr,2091,2100,4beceb4b-4626-4026-96d1-6d3544981eb4,aa74a098-049a-41aa-a45a-b38457c29e1d,gfdl-esm4_r1i1p1f1_w5e5_ssp585_pr_global_daily_2091_2100.nc,20210512,2092845455,226ca1d9988113892cdca641d4d4d34d357894ace49cebd3b1e622b447c0c71361816f930a9f44b3dc5814a710abd706c4dc6ce57bab3b45b4f827fb7105dad1,https://files.isimip.org/ISIMIP3b/InputData/climate/atmosphere/bias-adjusted/global/daily/ssp585/GFDL-ESM4/gfdl-esm4_r1i1p1f1_w5e5_ssp585_pr_global_daily_2091_2100.nc,CC0 1.0,true,false
gfdl-esm4,r1i1p1f1,ssp585,tas,2041,2050,9bb93283-4b22-4c18-825e-c12f30b8f114,5fbc43f5-2529-4a07-a245-cc63486067e4,gfdl-esm4_r1i1p1f1_w5e5_ssp585_tas_global_daily_2041_2050.nc,20210512,2052533302,2decc93540e031939b45919de1a0bc5b5b8651f01d4bee562dd6cb71606c60801b4663be7fe078972b4b7c6629fb68176b7437e8810412ce4dd9abf98d44a0fc,https://files.isimip.org/ISIMIP3b/InputData/climate/atmosphere/bias-adjusted/global/daily/ssp585/GFDL-ESM4/gfdl-esm4_r1i1p1f1_w5e5_ssp585_tas_global_daily_2041_2050.nc,CC0 1.0,true,false
gfdl-esm4,r1i1p1f1,ssp585,tas,2091,2100,9bb93283-4b22-4c18-825e-c12f30b8f114,2409bbb8-451f-4377-b92c-1a55f0941ad4,gfdl-esm4_r1i1p1f1_w5e5_ssp585_tas_global_daily_2091_2100.nc,20210512,2049984623,ca2a771bb63ab5a409833a860ca4d46aff8a461dc115474a280b50857e52ac78018e676e982367fbf09fa2091dbac7795462d91c9ff76f702114fa4a0bc14d54,https://files.isimip.org/ISIMIP3b/InputData/climate/atmosphere/bias-adjusted/global/daily/ssp585/GFDL-ESM4/gfdl-esm4_r1i1p1f1_w5e5_ssp585_tas_global_daily_2091_2100.nc,CC0 1.0,true,false
ipsl-cm6a-lr,r1i1p1f1,ssp126,pr,2041,2050,a4fa787d-6bf4-4311-b9a9-00ee50263b00,9bb2cd42-3be9-4ad4-b9ed-16da84e7f96d,ipsl-cm6a-lr_r1i1p1f1_w5e5_ssp126_pr_global_daily_2041_2050.nc,20210512,2125996449,98c8608550a15d61cc60b27adafeffb3b59e1f5b7e7684b50faa1cde11273d91e266b42f80506e5b222f05d4fd349b0ebb63184157d28c97759395b403efb9b8,https://files.isimip.org/ISIMIP3b/InputData/climate/atmosphere/bias-adjusted/global/daily/ssp126/IPSL-CM6A-LR/ipsl-cm6a-lr_r1i1p1f1_w5e5_ssp126_pr_global_daily_2041_2050.nc,CC0 1.0,true,false
ipsl-cm6a-lr,r1i1p1f1,ssp126,pr,2091,2100,a4fa787d-6bf4-4311-b9a9-00ee50263b00,6e8aa9ce-ac1e-4b9a-8cca-360801206e79,ipsl-cm6a-lr_r1i1p1f1_w5e5_ssp126_pr_global_daily_2091_2100.nc,20210512,2127586729,a61da0cb137ce1fd98be6949dc07981bd68b04e04133a63180ed70bfe2bab96cf6080635083be19a1d3727e0e14603fe79d59824ee053b940a0592f7c242a2c2,https://files.isimip.org/ISIMIP3b/InputData/climate/atmosphere/bias-adjusted/global/daily/ssp126/IPSL-CM6A-LR/ipsl-cm6a-lr_r1i1p1f1_w5e5_ssp126_pr_global_daily_2091_2100.nc,CC0 1.0,true,false
ipsl-cm6a-lr,r1i1p1f1,ssp126,tas,2041,2050,70c21728-d3af-4720-81db-3c2da1a08f68,4b5e3716-bc08-4bcf-9f52-bc55ba27ead0,ipsl-cm6a-lr_r1i1p1f1_w5e5_ssp126_tas_global_daily_2041_2050.nc,20210512,2062662905,e4b407f030c3bba0dab77fddc7ca1e6e2c4dbf4ef3a5fd5fba2b84b56eb7a7535e21140b8fd295758c3d62c4f1ea2a622c713f99e460ce4c4bc56b8d9adf4cd6,https://files.isimip.org/ISIMIP3b/InputData/climate/atmosphere/bias-adjusted/global/daily/ssp126/IPSL-CM6A-LR/ipsl-cm6a-lr_r1i1p1f1_w5e5_ssp126_tas_global_daily_2041_2050.nc,CC0 1.0,true,false
ipsl-cm6a-lr,r1i1p1f1,ssp126,tas,2091,2100,70c21728-d3af-4720-81db-3c2da1a08f68,523d4f55-44fe-4b67-9b9d-4114b797acf2,ipsl-cm6a-lr_r1i1p1f1_w5e5_ssp126_tas_global_daily_2091_2100.nc,20210512,2062741481,39d3a4a5b6749d12a5bd245f9f5a1051caf5e8972a58b1f05f17bf919d8acd1fc3426e48f81ff4995c82f62e967642bbbbbfe9620ddd680d5e3fe0b8385049a3,https://files.isimip.org/ISIMIP3b/InputData/climate/atmosphere/bias-adjusted/global/daily/ssp126/IPSL-CM6A-LR/ipsl-cm6a-lr_r1i1p1f1_w5e5_ssp126_tas_global_daily_2091_2100.nc,CC0 1.0,true,false
ipsl-cm6a-lr,r1i1p1f1,ssp370,pr,2041,2050,f67e2800-c9ca-489d-af67-f5fefe0c0491,3267a8a8-e7d5-4ff8-81c2-dace64ced304,ipsl-cm6a-lr_r1i1p1f1_w5e5_ssp370_pr_global_daily_2041_2050.nc,20210512,2123664410,59cb73fc24100bdc2964a7a41d529ce8c8b616b1de568f02b5abc0fe5b1a38db705f321800020ea3e66f0b765fcca3de51b761ef279aab1cc102dad293686fcf,https://files.isimip.org/ISIMIP3b/InputData/climate/atmosphere/bias-adjusted/global/daily/ssp370/IPSL-CM6A-LR/ipsl-cm6a-lr_r1i1p1f1_w5e5_ssp370_pr_global_daily_2041_2050.nc,CC0 1.0,true,false
ipsl-cm6a-lr,r1i1p1f1,ssp370,pr,2091,2100,f67e2800-c9ca-489d-af67-f5fefe0c0491,598364d9-2e1f-49e6-895a-18946b51e31a,ipsl-cm6a-lr_r1i1p1f1_w5e5_ssp370_pr_global_daily_2091_2100.nc,20210512,2126956234,1016af9c6a79935e787bbf72824d17399e17a88fab78d6849c1923c320f018b606b153455b63c9cdcf39573018edace9b147cfd540d457d3ecbf5ee64a838d51,https://files.isimip.org/ISIMIP3b/InputData/climate/atmosphere/bias-adjusted/global/daily/ssp370/IPSL-CM6A-LR/ipsl-cm6a-lr_r1i1p1f1_w5e5_ssp370_pr_global_daily_2091_2100.nc,CC0 1.0,true,false
ipsl-cm6a-lr,r1i1p1f1,ssp370,tas,2041,2050,c0112ac8-0b8d-4082-b21b-0c48c2b2c1d5,d0a936ef-c3ad-4509-aa60-356415f68437,ipsl-cm6a-lr_r1i1p1f1_w5e5_ssp370_tas_global_daily_2041_2050.nc,20210512,2063111699,ae52d34bd15f5d95cdb8bbe35b782f37a66a827cc3fab1d85a81ff71bf3b3c5cd0ff7952c6fabddfb87b6fc21d332b93ba18dfb1f5d3578912f02ca710b6d8b1,https://files.isimip.org/ISIMIP3b/InputData/climate/atmosphere/bias-adjusted/global/daily/ssp370/IPSL-CM6A-LR/ipsl-cm6a-lr_r1i1p1f1_w5e5_ssp370_tas_global_daily_2041_2050.nc,CC0 1.0,true,false
ipsl-cm6a-lr,r1i1p1f1,ssp370,tas,2091,2100,c0112ac8-0b8d-4082-b21b-0c48c2b2c1d5,1aab7bcd-1da0-456a-a511-e5b044e1e58b,ipsl-cm6a-lr_r1i1p1f1_w5e5_ssp370_tas_global_daily_2091_2100.nc,20210512,2061304420,004042c7429c0f61b39d0550bd61c34eba62357329c6ebcd1f91effc335f926bc72a39eb13f4b26f0f373a04458918e2f07e57fc2a9caf3603fd4e78e5c717aa,https://files.isimip.org/ISIMIP3b/InputData/climate/atmosphere/bias-adjusted/global/daily/ssp370/IPSL-CM6A-LR/ipsl-cm6a-lr_r1i1p1f1_w5e5_ssp370_tas_global_daily_2091_2100.nc,CC0 1.0,true,false
ipsl-cm6a-lr,r1i1p1f1,ssp585,pr,2041,2050,b10993d6-9f54-4705-830d-d624fe66051a,9daa5bfe-b99c-42d5-8d96-d7132b405858,ipsl-cm6a-lr_r1i1p1f1_w5e5_ssp585_pr_global_daily_2041_2050.nc,20210512,2124459323,11c3bf83045ee3a43e59ca6b63838e299bdba18e0c2e241cb750321ef6f8a72810bd723d5cb47ef38d7c49267f41f232af5c986f76d0be386558e52f6b05bb3b,https://files.isimip.org/ISIMIP3b/InputData/climate/atmosphere/bias-adjusted/global/daily/ssp585/IPSL-CM6A-LR/ipsl-cm6a-lr_r1i1p1f1_w5e5_ssp585_pr_global_daily_2041_2050.nc,CC0 1.0,true,false
ipsl-cm6a-lr,r1i1p1f1,ssp585,pr,2091,2100,b10993d6-9f54-4705-830d-d624fe66051a,adbdf21e-c1fb-4b7e-a532-b7a7f70c9298,ipsl-cm6a-lr_r1i1p1f1_w5e5_ssp585_pr_global_daily_2091_2100.nc,20210512,2119509982,985b8ac417d49a6bfdb2f068244e0072f5779f0c343170b144a798de29bf99a3d8bc0334f1bc70fbe61bf3e19b1a0ef15cadb9e5c5f59287fb4ca93c00a57ecd,https://files.isimip.org/ISIMIP3b/InputData/climate/atmosphere/bias-adjusted/global/daily/ssp585/IPSL-CM6A-LR/ipsl-cm6a-lr_r1i1p1f1_w5e5_ssp585_pr_global_daily_2091_2100.nc,CC0 1.0,true,false
ipsl-cm6a-lr,r1i1p1f1,ssp585,tas,2041,2050,1743fd86-2323-4d17-a718-21290e0f7fef,eeb6135a-b669-48ec-afc9-0a4177031187,ipsl-cm6a-lr_r1i1p1f1_w5e5_ssp585_tas_global_daily_2041_2050.nc,20210512,2063460657,93e532e429b950c82f1b1297d23e8bd82a2dc3fd53e6f6b319de6c1f4ad8027e5ad5ddfdf0081e0c2977aec1e855e6a01d8f689752ed0759384769e8db4b1a90,https://files.isimip.org/ISIMIP3b/InputData/climate/atmosphere/bias-adjusted/global/daily/ssp585/IPSL-CM6A-LR/ipsl-cm6a-lr_r1i1p1f1_w5e5_ssp585_tas_global_daily_2041_2050.nc,CC0 1.0,true,false
ipsl-cm6a-lr,r1i1p1f1,ssp585,tas,2091,2100,1743fd86-2323-4d17-a718-21290e0f7fef,30f61c4e-a04f-4653-8fbc-d2df17bcc40c,ipsl-cm6a-lr_r1i1p1f1_w5e5_ssp585_tas_global_daily_2091_2100.nc,20210512,2060349832,76e2663a79b74e3b3c5ef4a932a88961c78b50b8126e3f3b9bca5f0882f3c0985ad50555d2e45a2ae206fb645aa962893621e53c5320e77e66d0a2b4b5cdc46a,https://files.isimip.org/ISIMIP3b/InputData/climate/atmosphere/bias-adjusted/global/daily/ssp585/IPSL-CM6A-LR/ipsl-cm6a-lr_r1i1p1f1_w5e5_ssp585_tas_global_daily_2091_2100.nc,CC0 1.0,true,false
mpi-esm1-2-hr,r1i1p1f1,ssp126,pr,2041,2050,6d0d3dc0-b9cc-4767-8380-1df35ea91791,11a69b81-684c-471e-adaf-293d22d88d5a,mpi-esm1-2-hr_r1i1p1f1_w5e5_ssp126_pr_global_daily_2041_2050.nc,20210512,2101460975,d440100522c9d66871e3ac1f22c79d6a112cbfef6844fe7210b5e45228fb8c78625fc288c7992525c1dc7aa1a5f3611b5c5a8356fcd06871cabd59e706fbe7f8,https://files.isimip.org/ISIMIP3b/InputData/climate/atmosphere/bias-adjusted/global/daily/ssp126/MPI-ESM1-2-HR/mpi-esm1-2-hr_r1i1p1f1_w5e5_ssp126_pr_global_daily_2041_2050.nc,CC0 1.0,true,false
mpi-esm1-2-hr,r1i1p1f1,ssp126,pr,2091,2100,6d0d3dc0-b9cc-4767-8380-1df35ea91791,2e944c6e-8c30-4c11-9c45-5de6df77bd35,mpi-esm1-2-hr_r1i1p1f1_w5e5_ssp126_pr_global_daily_2091_2100.nc,20210512,2100494316,da45a0947e56af2a0757914e17847c2a58819657a2e2f891574c5f0f3f12511d0dd3e8313ee9e714d2c84932a00486978a1584dc78e8933b6e4509f07536b01b,https://files.isimip.org/ISIMIP3b/InputData/climate/atmosphere/bias-adjusted/global/daily/ssp126/MPI-ESM1-2-HR/mpi-esm1-2-hr_r1i1p1f1_w5e5_ssp126_pr_global_daily_2091_2100.nc,CC0 1.0,true,false
mpi-esm1-2-hr,r1i1p1f1,ssp126,tas,2041,2050,a3989ae4-3968-4e50-9b68-3396751a6c96,5eace7d6-7b55-4007-bd52-c45cf7e0fa42,mpi-esm1-2-hr_r1i1p1f1_w5e5_ssp126_tas_global_daily_2041_2050.nc,20210512,2056537310,ca5b2d99bdb89be34dc8cb04dc6f6863280a5f0d46a827abfab3d03f9f10b6ca0e6992614470ff7eea8ca5af5853bc93ecf9d3762300d870652c1a1b724f34f3,https://files.isimip.org/ISIMIP3b/InputData/climate/atmosphere/bias-adjusted/global/daily/ssp126/MPI-ESM1-2-HR/mpi-esm1-2-hr_r1i1p1f1_w5e5_ssp126_tas_global_daily_2041_2050.nc,CC0 1.0,true,false
mpi-esm1-2-hr,r1i1p1f1,ssp126,tas,2091,2100,a3989ae4-3968-4e50-9b68-3396751a6c96,0b0ffe74-ec47-4a94-b42e-8b0160932677,mpi-esm1-2-hr_r1i1p1f1_w5e5_ssp126_tas_global_daily_2091_2100.nc,20210512,2056667735,d5283aaf99721fa973ddd151e8116eaedd0ac5ade62226321b2e3db7031c9df4a64981ef42e600c072d8e8cd94681502118df4b500f89902f39280b06865a3ed,https://files.isimip.org/ISIMIP3b/InputData/climate/atmosphere/bias-adjusted/global/daily/ssp126/MPI-ESM1-2-HR/mpi-esm1-2-hr_r1i1p1f1_w5e5_ssp126_tas_global_daily_2091_2100.nc,CC0 1.0,true,false
mpi-esm1-2-hr,r1i1p1f1,ssp370,pr,2041,2050,acb43507-b914-4028-aa15-67a7f51fa14e,2a12cddd-188d-4b20-88e1-7329981aaa3f,mpi-esm1-2-hr_r1i1p1f1_w5e5_ssp370_pr_global_daily_2041_2050.nc,20210512,2100658933,e27d65356a56b5479ef064c0a433b7340066b4d42a46bfa7a0357f351ca5f1b052aa4f6270b203b4283d2e11bfa44ffd33287338ec0382969ac87f857a460149,https://files.isimip.org/ISIMIP3b/InputData/climate/atmosphere/bias-adjusted/global/daily/ssp370/MPI-ESM1-2-HR/mpi-esm1-2-hr_r1i1p1f1_w5e5_ssp370_pr_global_daily_2041_2050.nc,CC0 1.0,true,false
mpi-esm1-2-hr,r1i1p1f1,ssp370,pr,2091,2100,acb43507-b914-4028-aa15-67a7f51fa14e,ea0507e8-3f21-4dc7-b0b3-0c888fdb9ec8,mpi-esm1-2-hr_r1i1p1f1_w5e5_ssp370_pr_global_daily_2091_2100.nc,20210512,2101544360,0b1cceaa9786b24075d47725bbfe377ea3db6cd030afd75ebc2962f566eaa11c5ce4e3e50ae4b9c3576abbd45c036331d80a9553c8fb05bc7d07f0d3051c5e94,https://files.isimip.org/ISIMIP3b/InputData/climate/atmosphere/bias-adjusted/global/daily/ssp370/MPI-ESM1-2-HR/mpi-esm1-2-hr_r1i1p1f1_w5e5_ssp370_pr_global_daily_2091_2100.nc,CC0 1.0,true,false
mpi-esm1-2-hr,r1i1p1f1,ssp370,tas,2041,2050,4f168a86-5cc5-4745-ab2a-950454a35fe5,994d678c-4b61-469c-9523-33c15d96483f,mpi-esm1-2-hr_r1i1p1f1_w5e5_ssp370_tas_global_daily_2041_2050.nc,20210512,2056031651,e0fef27842eb09f1776c318ebe088c90c42de5039b0a56847f891d5c3061731c1a10411b50fba2872e05bd3988960e9540ca3afd0a059303e47bfb77d69361a6,https://files.isimip.org/ISIMIP3b/InputData/climate/atmosphere/bias-adjusted/global/daily/ssp370/MPI-ESM1-2-HR/mpi-esm1-2-hr_r1i1p1f1_w5e5_ssp370_tas_global_daily_2041_2050.nc,CC0 1.0,true,false
mpi-esm1-2-hr,r1i1p1f1,ssp370,tas,2091,2100,4f168a86-5cc5-4745-ab2a-950454a35fe5,1eebb2de-d252-4952-8794-5c7d5d472ed3,mpi-esm1-2-hr_r1i1p1f1_w5e5_ssp370_tas_global_daily_2091_2100.nc,20210512,2053980337,83a7e0386540a362c4d310c5a0db7ad096a4c255f2f5878660235f73d176d148147bd12f6bda49f1c7c642fa585f570795581974356b187408e678ffefa11bdf,https://files.isimip.org/ISIMIP3b/InputData/climate/atmosphere/bias-adjusted/global/daily/ssp370/MPI-ESM1-2-HR/mpi-esm1-2-hr_r1i1p1f1_w5e5_ssp370_tas_global_daily_2091_2100.nc,CC0 1.0,true,false
mpi-esm1-2-hr,r1i1p1f1,ssp585,pr,2041,2050,9c04961f-4609-44b2-94bb-a33d20fc2762,ac900b5b-5888-4a88-b86e-caae0a897026,mpi-esm1-2-hr_r1i1p1f1_w5e5_ssp585_pr_global_daily_2041_2050.nc,20210512,2099228160,cb3fafeca870a0298153710abbf8564c95fbcabf0632f4e066f895b6a8ce4e3932adbd533eb877d20ec8b12ae95cd1ad500d708f7427d67433d1601536a19601,https://files.isimip.org/ISIMIP3b/InputData/climate/atmosphere/bias-adjusted/global/daily/ssp585/MPI-ESM1-2-HR/mpi-esm1-2-hr_r1i1p1f1_w5e5_ssp585_pr_global_daily_2041_2050.nc,CC0 1.0,true,false
mpi-esm1-2-hr,r1i1p1f1,ssp585,pr,2091,2100,9c04961f-4609-44b2-94bb-a33d20fc2762,db749cbb-ff3d-42a6-b0ea-262c894ea15e,mpi-esm1-2-hr_r1i1p1f1_w5e5_ssp585_pr_global_daily_2091_2100.nc,20210512,2104890800,2e44861cb56f610f3385c370841f7d7bb2493a6ce7df2c70a961fe98a0f1b046444168660029f9450b517663df6aa55feb8bba62c9d2be1d28722f8966bdc4d5,https://files.isimip.org/ISIMIP3b/InputData/climate/atmosphere/bias-adjusted/global/daily/ssp585/MPI-ESM1-2-HR/mpi-esm1-2-hr_r1i1p1f1_w5e5_ssp585_pr_global_daily_2091_2100.nc,CC0 1.0,true,false
mpi-esm1-2-hr,r1i1p1f1,ssp585,tas,2041,2050,04d01ea2-0201-4b8a-84e1-23f1f08d9d11,55dc188c-4e1f-4ff7-8193-e140dff0d6df,mpi-esm1-2-hr_r1i1p1f1_w5e5_ssp585_tas_global_daily_2041_2050.nc,20210512,2056282995,6ebb7d7fc3e2e038d4e04c6eb9d8c33d6b59a2313bf6fcf777c799d8e3722d9ec06b53890a81e53ef9e678687918baa3c407a581e8202a639557f33ba0fb83aa,https://files.isimip.org/ISIMIP3b/InputData/climate/atmosphere/bias-adjusted/global/daily/ssp585/MPI-ESM1-2-HR/mpi-esm1-2-hr_r1i1p1f1_w5e5_ssp585_tas_global_daily_2041_2050.nc,CC0 1.0,true,false
mpi-esm1-2-hr,r1i1p1f1,ssp585,tas,2091,2100,04d01ea2-0201-4b8a-84e1-23f1f08d9d11,2b94bc18-2138-487b-b0eb-fa79f259ff15,mpi-esm1-2-hr_r1i1p1f1_w5e5_ssp585_tas_global_daily_2091_2100.nc,20210512,2053671744,9a41f0b8e27e0748dab397a6506827a9dbde902efbebac32d2daa21054dda5b845f618e037f7171ddeaa04ca6af2b77f6f058823a8ecce1f4ef83fec01218e6a,https://files.isimip.org/ISIMIP3b/InputData/climate/atmosphere/bias-adjusted/global/daily/ssp585/MPI-ESM1-2-HR/mpi-esm1-2-hr_r1i1p1f1_w5e5_ssp585_tas_global_daily_2091_2100.nc,CC0 1.0,true,false
mri-esm2-0,r1i1p1f1,ssp126,pr,2041,2050,a3e28029-e111-4577-b636-174a1ffc8aab,86b161e4-183c-481c-ada2-c8be816e4560,mri-esm2-0_r1i1p1f1_w5e5_ssp126_pr_global_daily_2041_2050.nc,20210512,2081538646,f13e73dd1cc5f3b06f988734c6c21e3d64ae58fd290a3309ccd67ccc67249826c7c98df2f2d9b587d0c136915613d6e2cedfc764a2f99faff2966d2e3fc4cd89,https://files.isimip.org/ISIMIP3b/InputData/climate/atmosphere/bias-adjusted/global/daily/ssp126/MRI-ESM2-0/mri-esm2-0_r1i1p1f1_w5e5_ssp126_pr_global_daily_2041_2050.nc,CC0 1.0,true,false
mri-esm2-0,r1i1p1f1,ssp126,pr,2091,2100,a3e28029-e111-4577-b636-174a1ffc8aab,772cc2d3-47cb-4e15-a218-547b27b816bf,mri-esm2-0_r1i1p1f1_w5e5_ssp126_pr_global_daily_2091_2100.nc,20210512,2071171761,1847290df19e632ae7ca1ae6f39686248f5aad6c7adda28b9629315a30905630d8e823267ed4cb4013c83c4484b838f20f84f64a8956adbe5a4d6418169b8c8e,https://files.isimip.org/ISIMIP3b/InputData/climate/atmosphere/bias-adjusted/global/daily/ssp126/MRI-ESM2-0/mri-esm2-0_r1i1p1f1_w5e5_ssp126_pr_global_daily_2091_2100.nc,CC0 1.0,true,false
mri-esm2-0,r1i1p1f1,ssp126,tas,2041,2050,afb7d844-1aa4-4d63-b7a7-58d35d008036,a268a44f-2cd4-4b01-aced-0bf12c548dd4,mri-esm2-0_r1i1p1f1_w5e5_ssp126_tas_global_daily_2041_2050.nc,20210512,2047282501,f515e4f63499020d407eb761597102af92382b7883b6c51af893ffb8f8bb658ae92876c15237e9960919c4db0578bfe76a2feef63ada8cf97b6a087f6f45d2f7,https://files.isimip.org/ISIMIP3b/InputData/climate/atmosphere/bias-adjusted/global/daily/ssp126/MRI-ESM2-0/mri-esm2-0_r1i1p1f1_w5e5_ssp126_tas_global_daily_2041_2050.nc,CC0 1.0,true,false
mri-esm2-0,r1i1p1f1,ssp126,tas,2091,2100,afb7d844-1aa4-4d63-b7a7-58d35d008036,93117ec5-8048-4bd3-a178-b877a681e038,mri-esm2-0_r1i1p1f1_w5e5_ssp126_tas_global_daily_2091_2100.nc,20210512,2048203698,ff0a5be48a3e29e21300dd8c1cb7913a8d2210a60d19d1cae4ae9a5fcc74c3a388bdb845a5729a87e233972047b41e4fcaa18fb55d0952c0cd3398d761a7bed8,https://files.isimip.org/ISIMIP3b/InputData/climate/atmosphere/bias-adjusted/global/daily/ssp126/MRI-ESM2-0/mri-esm2-0_r1i1p1f1_w5e5_ssp126_tas_global_daily_2091_2100.nc,CC0 1.0,true,false
mri-esm2-0,r1i1p1f1,ssp370,pr,2041,2050,ff5d7e36-8ee9-4746-bea7-1c1450f94ee7,8d38767f-243a-41d9-83ee-968f94e473d0,mri-esm2-0_r1i1p1f1_w5e5_ssp370_pr_global_daily_2041_2050.nc,20210512,2085116430,41abee8140b92fe1eb2261f12ad5fcda0421a2e61a5409218e9eca642e9031da83e2283029602c2ed51ceb6e82b7f8ef358b2a5b3a863f7119a0cc4b143ed646,https://files.isimip.org/ISIMIP3b/InputData/climate/atmosphere/bias-adjusted/global/daily/ssp370/MRI-ESM2-0/mri-esm2-0_r1i1p1f1_w5e5_ssp370_pr_global_daily_2041_2050.nc,CC0 1.0,true,false
mri-esm2-0,r1i1p1f1,ssp370,pr,2091,2100,ff5d7e36-8ee9-4746-bea7-1c1450f94ee7,3a68e016-3c47-4a29-b405-bfd64e7be7b1,mri-esm2-0_r1i1p1f1_w5e5_ssp370_pr_global_daily_2091_2100.nc,20210512,2088385443,3a16599f6358cc4b0124f4e4ee2b6e8e2a3f7965712a9a5fde3ae8b1bb19124fc43abb8625fe72a3ed0d23e0eff80784ce0c63261b307e4b4c79bc9c2bcdb0f2,https://files.isimip.org/ISIMIP3b/InputData/climate/atmosphere/bias-adjusted/global/daily/ssp370/MRI-ESM2-0/mri-esm2-0_r1i1p1f1_w5e5_ssp370_pr_global_daily_2091_2100.nc,CC0 1.0,true,false
mri-esm2-0,r1i1p1f1,ssp370,tas,2041,2050,d3c56f0a-0e9d-4838-a646-9e4db398e62f,b20f60c5-525b-412f-893e-95515f9f3697,mri-esm2-0_r1i1p1f1_w5e5_ssp370_tas_global_daily_2041_2050.nc,20210512,2047005354,255aa4452600c27610a185e95768fe16f0775cd050bab6751e9824d4290a1218093a058f6d0da9ce37b4f2fe4960b09952abae0e09312c45d7d5870df05a877d,https://files.isimip.org/ISIMIP3b/InputData/climate/atmosphere/bias-adjusted/global/daily/ssp370/MRI-ESM2-0/mri-esm2-0_r1i1p1f1_w5e5_ssp370_tas_global_daily_2041_2050.nc,CC0 1.0,true,false
mri-esm2-0,r1i1p1f1,ssp370,tas,2091,2100,d3c56f0a-0e9d-4838-a646-9e4db398e62f,a5c1eadc-9fc8-404c-8a98-c7ea2aa0e066,mri-esm2-0_r1i1p1f1_w5e5_ssp370_tas_global_daily_2091_2100.nc,20210512,2045175089,65f68b4a1e5e03ebea72fab74d2cce8e540ed05aa4dc3992ff9be9377e44f60617160848b554f11bf54e07fc95ddb60d07d65e8988f65c37bfb319f1a8aee892,https://files.isimip.org/ISIMIP3b/InputData/climate/atmosphere/bias-adjusted/global/daily/ssp370/MRI-ESM2-0/mri-esm2-0_r1i1p1f1_w5e5_ssp370_tas_global_daily_2091_2100.nc,CC0 1.0,true,false
mri-esm2-0,r1i1p1f1,ssp585,pr,2041,2050,10f79bb9-54af-4f1e-b88f-f1b2d2bfdeca,09f6001e-5ce0-4c1a-93e3-2fb742303d4e,mri-esm2-0_r1i1p1f1_w5e5_ssp585_pr_global_daily_2041_2050.nc,20210512,2091319594,1cb6ae92e5b27c8ff7216972cbafc14c4ea6449893eac5808aa07ac88cc87d924db508bbff659ffee5cda6f5c7c255e4dd8c151e1ed9c61bc02fffc856f1fcc6,https://files.isimip.org/ISIMIP3b/InputData/climate/atmosphere/bias-adjusted/global/daily/ssp585/MRI-ESM2-0/mri-esm2-0_r1i1p1f1_w5e5_ssp585_pr_global_daily_2041_2050.nc,CC0 1.0,true,false
mri-esm2-0,r1i1p1f1,ssp585,pr,2091,2100,10f79bb9-54af-4f1e-b88f-f1b2d2bfdeca,23f6dd72-caa5-45a9-bb99-83fe67bbff16,mri-esm2-0_r1i1p1f1_w5e5_ssp585_pr_global_daily_2091_2100.nc,20210512,2095446648,ae0b3b21659eab5d05cef7be10941e70f4b8fe102579805e212fb411d411f93ca460b0245450891f19e37bf025e200ba3c3e95f4b56abd1b24f3c3d166e4411b,https://files.isimip.org/ISIMIP3b/InputData/climate/atmosphere/bias-adjusted/global/daily/ssp585/MRI-ESM2-0/mri-esm2-0_r1i1p1f1_w5e5_ssp585_pr_global_daily_2091_2100.nc,CC0 1.0,true,false
mri-esm2-0,r1i1p1f1,ssp585,tas,2041,2050,7794344e-e721-4c4c-9c2e-2c429c3c0477,c38a8b54-806e-4672-b84c-559aa5768730,mri-esm2-0_r1i1p1f1_w5e5_ssp585_tas_global_daily_2041_2050.nc,20210512,2046848392,93aa79710e2322fb50f4887ffb6fa2c545f5450ab3af19a33c6d24d04bb91b1c26af1241eaa9c11aed5ebaf97309f53cd2dbe1e0196029220c900a4a13cd7bd5,https://files.isimip.org/ISIMIP3b/InputData/climate/atmosphere/bias-adjusted/global/daily/ssp585/MRI-ESM2-0/mri-esm2-0_r1i1p1f1_w5e5_ssp585_tas_global_daily_2041_2050.nc,CC0 1.0,true,false
mri-esm2-0,r1i1p1f1,ssp585,tas,2091,2100,7794344e-e721-4c4c-9c2e-2c429c3c0477,7833706c-0018-45f9-a7b5-7e48776ac84c,mri-esm2-0_r1i1p1f1_w5e5_ssp585_tas_global_daily_2091_2100.nc,20210512,2045391925,e6e146117f0f6aabbae91b6d17889eefa99732a1f10eec7978c650a5c4c1036219eded91f0808a37409f9568a8163f62435e4db342e900dc553a52f3d07059de,https://files.isimip.org/ISIMIP3b/InputData/climate/atmosphere/bias-adjusted/global/daily/ssp585/MRI-ESM2-0/mri-esm2-0_r1i1p1f1_w5e5_ssp585_tas_global_daily_2091_2100.nc,CC0 1.0,true,false
ukesm1-0-ll,r1i1p1f2,ssp126,pr,2041,2050,d4d442b7-d651-4719-9ead-16e172dc37b1,7875e582-6930-4eb3-8488-615cec0c9793,ukesm1-0-ll_r1i1p1f2_w5e5_ssp126_pr_global_daily_2041_2050.nc,20210512,2141609230,2af14b0d844eb81510771af8c5f6786289384fee7d12805fa8aec983647215150ee07f0db75b73e5ca3f46d358c8197cbe0a2b9fc6017216c0628a2a9682fc3a,https://files.isimip.org/ISIMIP3b/InputData/climate/atmosphere/bias-adjusted/global/daily/ssp126/UKESM1-0-LL/ukesm1-0-ll_r1i1p1f2_w5e5_ssp126_pr_global_daily_2041_2050.nc,CC0 1.0,true,false
ukesm1-0-ll,r1i1p1f2,ssp126,pr,2091,2100,d4d442b7-d651-4719-9ead-16e172dc37b1,4ab0afc7-fc64-4c8c-86c9-6916631c70e3,ukesm1-0-ll_r1i1p1f2_w5e5_ssp126_pr_global_daily_2091_2100.nc,20210512,2153117972,620612f2a882f27fcffed1e36d9722b4c1d0091057bdbbacb22c6e7549cc1cf17700ffc6c5c9430f03812614342ad187371014b3d2c2d191a69659c77acac46a,https://files.isimip.org/ISIMIP3b/InputData/climate/atmosphere/bias-adjusted/global/daily/ssp126/UKESM1-0-LL/ukesm1-0-ll_r1i1p1f2_w5e5_ssp126_pr_global_daily_2091_2100.nc,CC0 1.0,true,false
ukesm1-0-ll,r1i1p1f2,ssp126,tas,2041,2050,a752c325-aad2-4965-afc9-a59ff7a0e04d,492cd043-e258-49f5-b29f-0e5a182cea92,ukesm1-0-ll_r1i1p1f2_w5e5_ssp126_tas_global_daily_2041_2050.nc,20210512,2060673070,22a55fd8e67b48db58003592393b7071921e46c7932d5b8837601d2b96085c174edd0f431703428d8c08901e76ccca1c506d37fd8b19c2cf2c7e39a290ae0cc8,https://files.isimip.org/ISIMIP3b/InputData/climate/atmosphere/bias-adjusted/global/daily/ssp126/UKESM1-0-LL/ukesm1-0-ll_r1i1p1f2_w5e5_ssp126_tas_global_daily_2041_2050.nc,CC0 1.0,true,false
ukesm1-0-ll,r1i1p1f2,ssp126,tas,2091,2100,a752c325-aad2-4965-afc9-a59ff7a0e04d,488de459-ea48-4e5b-878c-82770f847068,ukesm1-0-ll_r1i1p1f2_w5e5_ssp126_tas_global_daily_2091_2100.nc,20210512,2061118950,e81130a88ec612743417852e00c226c7174cfc3ab3e29e083912e24d753e491ca3189e55e88e55f77348ca39c9f64280fe9e2adcc72cb7d28d7e885e3b7dfd8c,https://files.isimip.org/ISIMIP3b/InputData/climate/atmosphere/bias-adjusted/global/daily/ssp126/UKESM1-0-LL/ukesm1-0-ll_r1i1p1f2_w5e5_ssp126_tas_global_daily_2091_2100.nc,CC0 1.0,true,false
ukesm1-0-ll,r1i1p1f2,ssp370,pr,2041,2050,92deba84-0382-45b8-b370-ef35ab564517,605731b0-cce2-4bd8-8f89-ae395c90c5f5,ukesm1-0-ll_r1i1p1f2_w5e5_ssp370_pr_global_daily_2041_2050.nc,20210512,2130116158,2933282641424a01b007ddbd967576061d3a9aa669a8788f5843c9b2cdfb0bff88697cd68d281e97ea91410b7e7714caa8753422259004b4302d88176a693714,https://files.isimip.org/ISIMIP3b/InputData/climate/atmosphere/bias-adjusted/global/daily/ssp370/UKESM1-0-LL/ukesm1-0-ll_r1i1p1f2_w5e5_ssp370_pr_global_daily_2041_2050.nc,CC0 1.0,true,false
ukesm1-0-ll,r1i1p1f2,ssp370,pr,2091,2100,92deba84-0382-45b8-b370-ef35ab564517,d7323651-0c52-4297-bcc2-70cb03d2f2f4,ukesm1-0-ll_r1i1p1f2_w5e5_ssp370_pr_global_daily_2091_2100.nc,20210512,2181785595,e016e5c3207488f23e9e0004ef8d8988e23ddeb7f2e7aab6e1d9144a5a65c69cb2d679379e28dc0025a5c159550a5c0555115dbed8249f6a4b38837a6cd056ee,https://files.isimip.org/ISIMIP3b/InputData/climate/atmosphere/bias-adjusted/global/daily/ssp370/UKESM1-0-LL/ukesm1-0-ll_r1i1p1f2_w5e5_ssp370_pr_global_daily_2091_2100.nc,CC0 1.0,true,false
ukesm1-0-ll,r1i1p1f2,ssp370,tas,2041,2050,fce39d22-a04f-4dc0-8d99-251a76613128,8614f197-e795-4ef6-8587-21b3831e413d,ukesm1-0-ll_r1i1p1f2_w5e5_ssp370_tas_global_daily_2041_2050.nc,20210512,2061169412,a9ab4a46899f522409a989771a0f985bbf8de111907050ef27d478d29f5804e47d990ec8d5896289fb12ee54be5704df1e4dccc79c7fa78a51e1c30b3cfb3eba,https://files.isimip.org/ISIMIP3b/InputData/climate/atmosphere/bias-adjusted/global/daily/ssp370/UKESM1-0-LL/ukesm1-0-ll_r1i1p1f2_w5e5_ssp370_tas_global_daily_2041_2050.nc,CC0 1.0,true,false
ukesm1-0-ll,r1i1p1f2,ssp370,tas,2091,2100,fce39d22-a04f-4dc0-8d99-251a76613128,2abfab8c-0fed-431f-8f23-2832e2596eae,ukesm1-0-ll_r1i1p1f2_w5e5_ssp370_tas_global_daily_2091_2100.nc,20210512,2059791050,a2244c8faed2eb68de7bdb2766238250db8077d198f89cda21a2788bb8adc8cb9d002f26713f881bc074e4906137ea1ca2bce71e676989777f4887d2162cca7e,https://files.isimip.org/ISIMIP3b/InputData/climate/atmosphere/bias-adjusted/global/daily/ssp370/UKESM1-0-LL/ukesm1-0-ll_r1i1p1f2_w5e5_ssp370_tas_global_daily_2091_2100.nc,CC0 1.0,true,false
ukesm1-0-ll,r1i1p1f2,ssp585,pr,2041,2050,58ad6c99-4a70-467a-bde2-6647ced7e45e,0043be37-5357-4a85-ac84-91c045de1b3b,ukesm1-0-ll_r1i1p1f2_w5e5_ssp585_pr_global_daily_2041_2050.nc,20210512,2140522470,795de1b3d6f688d61a1723f214e113724749c549146b705ff1c943b18109fca6b18ac535370cac1aa1c3563dc25020e422e33cd9d1e939538ebaafcee096f5a0,https://files.isimip.org/ISIMIP3b/InputData/climate/atmosphere/bias-adjusted/global/daily/ssp585/UKESM1-0-LL/ukesm1-0-ll_r1i1p1f2_w5e5_ssp585_pr_global_daily_2041_2050.nc,CC0 1.0,true,false
ukesm1-0-ll,r1i1p1f2,ssp585,pr,2091,2100,58ad6c99-4a70-467a-bde2-6647ced7e45e,c8c44093-ce67-41ae-972c-e444c42c2906,ukesm1-0-ll_r1i1p1f2_w5e5_ssp585_pr_global_daily_2091_2100.nc,20210512,2182178902,159af6a947913052f2dfc5fe275a1ffc6ffa7b2273e861a6289b1f022a2c4a6bf4c72dd87b8a2e59d2adc5d887ba3e184924707221c6e2947e97d3790ada043d,https://files.isimip.org/ISIMIP3b/InputData/climate/atmosphere/bias-adjusted/global/daily/ssp585/UKESM1-0-LL/ukesm1-0-ll_r1i1p1f2_w5e5_ssp585_pr_global_daily_2091_2100.nc,CC0 1.0,true,false
ukesm1-0-ll,r1i1p1f2,ssp585,tas,2041,2050,55a8610a-8fa3-4578-a510-c98732870e08,6810ef82-8a42-4d56-a6b4-dfbf35d0f067,ukesm1-0-ll_r1i1p1f2_w5e5_ssp585_tas_global_daily_2041_2050.nc,20210512,2061541881,d2d9a844b4deab64c9c9f95ed9e3d406078cb5e293eaf2801870266bc13b37f1aec9c07691007a7bfab469d7b628c67932eec0dfd0cf8ce3a4eafa1fb61fc063,https://files.isimip.org/ISIMIP3b/InputData/climate/atmosphere/bias-adjusted/global/daily/ssp585/UKESM1-0-LL/ukesm1-0-ll_r1i1p1f2_w5e5_ssp585_tas_global_daily_2041_2050.nc,CC0 1.0,true,false
ukesm1-0-ll,r1i1p1f2,ssp585,tas,2091,2100,55a8610a-8fa3-4578-a510-c98732870e08,0b733ca2-1ae4-4178-b414-9e8ad7d24343,ukesm1-0-ll_r1i1p1f2_w5e5_ssp585_tas_global_daily_2091_2100.nc,20210512,2059197692,0fd3c5c691f73a116a90c17cbc066726d8fbd49aa4b95b6ff22e5ce782d4092152160700c9611623470cd6d2e106372fbf4a998ca0c3761e49c75eb53937f067,https://files.isimip.org/ISIMIP3b/InputData/climate/atmosphere/bias-adjusted/global/daily/ssp585/UKESM1-0-LL/ukesm1-0-ll_r1i1p1f2_w5e5_ssp585_tas_global_daily_2091_2100.nc,CC0 1.0,true,false
