forcing,member,scenario,variable,dataset_id,dataset_name,version,size_bytes,file_count,first_year,last_year,rights,public,restricted,resource_doi
gfdl-esm4,r1i1p1f1,historical,pr,3b37bbd1-d18d-4283-9e96-bf429c02479c,gfdl-esm4_r1i1p1f1_w5e5_historical_pr_global_daily,20210512,34241455833,18,1850,2014,CC0 1.0,true,false,10.48364/ISIMIP.842396.1
gfdl-esm4,r1i1p1f1,historical,tas,ecf92220-2f67-41d9-a427-a3ebef1255e9,gfdl-esm4_r1i1p1f1_w5e5_historical_tas_global_daily,20210512,33933088562,18,1850,2014,CC0 1.0,true,false,10.48364/ISIMIP.842396.1
gfdl-esm4,r1i1p1f1,historical,tasmax,ad8ae7de-b41e-4f69-b683-daa5c0f21509,gfdl-esm4_r1i1p1f1_w5e5_historical_tasmax_global_daily,20210512,34107894953,18,1850,2014,CC0 1.0,true,false,10.48364/ISIMIP.842396.1
gfdl-esm4,r1i1p1f1,historical,tasmin,ee8abd48-8040-4b30-8741-c62cea0d9a62,gfdl-esm4_r1i1p1f1_w5e5_historical_tasmin_global_daily,20210512,34306009815,18,1850,2014,CC0 1.0,true,false,10.48364/ISIMIP.842396.1
gfdl-esm4,r1i1p1f1,ssp126,pr,24cb1007-3c96-4b59-a0dc-42d94a8cff8c,gfdl-esm4_r1i1p1f1_w5e5_ssp126_pr_global_daily,20210512,17865489318,9,2015,2100,CC0 1.0,true,false,10.48364/ISIMIP.842396.1
gfdl-esm4,r1i1p1f1,ssp126,tas,f741da2d-9d21-4c86-be9b-484396303e33,gfdl-esm4_r1i1p1f1_w5e5_ssp126_tas_global_daily,20210512,17657319495,9,2015,2100,CC0 1.0,true,false,10.48364/ISIMIP.842396.1
gfdl-esm4,r1i1p1f1,ssp126,tasmax,6802d6a9-1d1b-4d58-b436-b47ce82cec6f,gfdl-esm4_r1i1p1f1_w5e5_ssp126_tasmax_global_daily,20210512,17761240936,9,2015,2100,CC0 1.0,true,false,10.48364/ISIMIP.842396.1
gfdl-esm4,r1i1p1f1,ssp126,tasmin,c1e40f1b-a641-4542-a0a6-d483ad9e9792,gfdl-esm4_r1i1p1f1_w5e5_ssp126_tasmin_global_daily,20210512,17855081249,9,2015,2100,CC0 1.0,true,false,10.48364/ISIMIP.842396.1
gfdl-esm4,r1i1p1f1,ssp370,pr,5fe132b1-6f3e-4a9d-a613-ac3752109e03,gfdl-esm4_r1i1p1f1_w5e5_ssp370_pr_global_daily,20210512,17861203934,9,2015,2100,CC0 1.0,true,false,10.48364/ISIMIP.842396.1
gfdl-esm4,r1i1p1f1,ssp370,tas,5614ea49-3a01-4fad-85d2-baea38727038,gfdl-esm4_r1i1p1f1_w5e5_ssp370_tas_global_daily,20210512,17652468695,9,2015,2100,CC0 1.0,true,false,10.48364/ISIMIP.842396.1
gfdl-esm4,r1i1p1f1,ssp370,tasmax,3468cadb-6fb2-43cb-8ad3-bced7aab8723,gfdl-esm4_r1i1p1f1_w5e5_ssp370_tasmax_global_daily,20210512,17755892447,9,2015,2100,CC0 1.0,true,false,10.48364/ISIMIP.842396.1
gfdl-esm4,r1i1p1f1,ssp370,tasmin,1d909df4-d6f1-4820-9cf5-9b37c985ab82,gfdl-esm4_r1i1p1f1_w5e5_ssp370_tasmin_global_daily,20210512,17834880537,9,2015,2100,CC0 1.0,true,false,10.48364/ISIMIP.842396.1
gfdl-esm4,r1i1p1f1,ssp585,pr,4beceb4b-4626-4026-96d1-6d3544981eb4,gfdl-esm4_r1i1p1f1_w5e5_ssp585_pr_global_daily,20210512,17884090883,9,2015,2100,CC0 1.0,true,false,10.48364/ISIMIP.842396.1
gfdl-esm4,r1i1p1f1,ssp585,tas,9bb93283-4b22-4c18-825e-c12f30b8f114,gfdl-esm4_r1i1p1f1_w5e5_ssp585_tas_global_daily,20210512,17648868530,9,2015,2100,CC0 1.0,true,false,10.48364/ISIMIP.842396.1
gfdl-esm4,r1i1p1f1,ssp585,tasmax,512a7927-2125-494d-b0fe-7229dac66d44,gfdl-esm4_r1i1p1f1_w5e5_ssp585_tasmax_global_daily,20210512,17753224235,9,2015,2100,CC0 1.0,true,false,10.48364/ISIMIP.842396.1
gfdl-esm4,r1i1p1f1,ssp585,tasmin,879aad2f-062f-482b-ba23-caf46b74781c,gfdl-esm4_r1i1p1f1_w5e5_ssp585_tasmin_global_daily,20210512,17831229061,9,2015,2100,CC0 1.0,true,false,10.48364/ISIMIP.842396.1
ipsl-cm6a-lr,r1i1p1f1,historical,pr,eb089d41-82a4-4e41-81aa-a05f33dc9fb7,ipsl-cm6a-lr_r1i1p1f1_w5e5_historical_pr_global_daily,20210512,34824781233,18,1850,2014,CC0 1.0,true,false,10.48364/ISIMIP.842396.1
ipsl-cm6a-lr,r1i1p1f1,historical,tas,ffade380-1650-4179-b522-b185712ed9fd,ipsl-cm6a-lr_r1i1p1f1_w5e5_historical_tas_global_daily,20210512,34105838142,18,1850,2014,CC0 1.0,true,false,10.48364/ISIMIP.842396.1
ipsl-cm6a-lr,r1i1p1f1,historical,tasmax,40d6892f-6fab-42f7-b0ef-2bd5cd33bae3,ipsl-cm6a-lr_r1i1p1f1_w5e5_historical_tasmax_global_daily,20210512,34322403316,18,1850,2014,CC0 1.0,true,false,10.48364/ISIMIP.842396.1
ipsl-cm6a-lr,r1i1p1f1,historical,tasmin,c3c81673-06c1-48d5-8213-237b6b24f290,ipsl-cm6a-lr_r1i1p1f1_w5e5_historical_tasmin_global_daily,20210512,34505314537,18,1850,2014,CC0 1.0,true,false,10.48364/ISIMIP.842396.1
ipsl-cm6a-lr,r1i1p1f1,ssp126,pr,a4fa787d-6bf4-4311-b9a9-00ee50263b00,ipsl-cm6a-lr_r1i1p1f1_w5e5_ssp126_pr_global_daily,20210512,18284166943,9,2015,2100,CC0 1.0,true,false,10.48364/ISIMIP.842396.1
ipsl-cm6a-lr,r1i1p1f1,ssp126,tas,70c21728-d3af-4720-81db-3c2da1a08f68,ipsl-cm6a-lr_r1i1p1f1_w5e5_ssp126_tas_global_daily,20210512,17743991138,9,2015,2100,CC0 1.0,true,false,10.48364/ISIMIP.842396.1
ipsl-cm6a-lr,r1i1p1f1,ssp126,tasmax,22791b2f-5d4a-405d-8be9-d33f7782c083,ipsl-cm6a-lr_r1i1p1f1_w5e5_ssp126_tasmax_global_daily,20210512,17854105605,9,2015,2100,CC0 1.0,true,false,10.48364/ISIMIP.842396.1
ipsl-cm6a-lr,r1i1p1f1,ssp126,tasmin,b9c6fce6-c0af-4ccc-bdaf-f2e358df7fda,ipsl-cm6a-lr_r1i1p1f1_w5e5_ssp126_tasmin_global_daily,20210512,17936767598,9,2015,2100,CC0 1.0,true,false,10.48364/ISIMIP.842396.1
ipsl-cm6a-lr,r1i1p1f1,ssp370,pr,f67e2800-c9ca-489d-af67-f5fefe0c0491,ipsl-cm6a-lr_r1i1p1f1_w5e5_ssp370_pr_global_daily,20210512,18246642122,9,2015,2100,CC0 1.0,true,false,10.48364/ISIMIP.842396.1
ipsl-cm6a-lr,r1i1p1f1,ssp370,tas,c0112ac8-0b8d-4082-b21b-0c48c2b2c1d5,ipsl-cm6a-lr_r1i1p1f1_w5e5_ssp370_tas_global_daily,20210512,17740827273,9,2015,2100,CC0 1.0,true,false,10.48364/ISIMIP.842396.1
ipsl-cm6a-lr,r1i1p1f1,ssp370,tasmax,db8bbe43-4766-4b9a-ab6e-5bc1f155c5be,ipsl-cm6a-lr_r1i1p1f1_w5e5_ssp370_tasmax_global_daily,20210512,17847584681,9,2015,2100,CC0 1.0,true,false,10.48364/ISIMIP.842396.1
ipsl-cm6a-lr,r1i1p1f1,ssp370,tasmin,7765afab-a511-4f90-aa13-104e5dab6f54,ipsl-cm6a-lr_r1i1p1f1_w5e5_ssp370_tasmin_global_daily,20210512,17920076473,9,2015,2100,CC0 1.0,true,false,10.48364/ISIMIP.842396.1
ipsl-cm6a-lr,r1i1p1f1,ssp585,pr,b10993d6-9f54-4705-830d-d624fe66051a,ipsl-cm6a-lr_r1i1p1f1_w5e5_ssp585_pr_global_daily,20210512,18236425373,9,2015,2100,CC0 1.0,true,false,10.48364/ISIMIP.842396.1
ipsl-cm6a-lr,r1i1p1f1,ssp585,tas,1743fd86-2323-4d17-a718-21290e0f7fef,ipsl-cm6a-lr_r1i1p1f1_w5e5_ssp585_tas_global_daily,20210512,17738608713,9,2015,2100,CC0 1.0,true,false,10.48364/ISIMIP.842396.1
ipsl-cm6a-lr,r1i1p1f1,ssp585,tasmax,1dc615ca-83b8-4d8b-9f5b-25752056eca5,ipsl-cm6a-lr_r1i1p1f1_w5e5_ssp585_tasmax_global_daily,20210512,17847636103,9,2015,2100,CC0 1.0,true,false,10.48364/ISIMIP.842396.1
ipsl-cm6a-lr,r1i1p1f1,ssp585,tasmin,69e7fa19-6120-4eee-84d7-519ff4712b99,ipsl-cm6a-lr_r1i1p1f1_w5e5_ssp585_tasmin_global_daily,20210512,17916179333,9,2015,2100,CC0 1.0,true,false,10.48364/ISIMIP.842396.1
mpi-esm1-2-hr,r1i1p1f1,historical,pr,e01e9e1c-6ef6-49a8-99b5-72f7e289ed70,mpi-esm1-2-hr_r1i1p1f1_w5e5_historical_pr_global_daily,20210512,34617558215,18,1850,2014,CC0 1.0,true,false,10.48364/ISIMIP.842396.1
mpi-esm1-2-hr,r1i1p1f1,historical,tas,e5a636d1-43f5-4f46-83ad-e76ab31f0528,mpi-esm1-2-hr_r1i1p1f1_w5e5_historical_tas_global_daily,20210512,34004726163,18,1850,2014,CC0 1.0,true,false,10.48364/ISIMIP.842396.1
mpi-esm1-2-hr,r1i1p1f1,historical,tasmax,e7137900-9e0b-4f64-90f4-e11630bd50d5,mpi-esm1-2-hr_r1i1p1f1_w5e5_historical_tasmax_global_daily,20210512,34197776635,18,1850,2014,CC0 1.0,true,false,10.48364/ISIMIP.842396.1
mpi-esm1-2-hr,r1i1p1f1,historical,tasmin,4e084712-0a4d-4b95-84eb-f683b3f04865,mpi-esm1-2-hr_r1i1p1f1_w5e5_historical_tasmin_global_daily,20210512,34370683601,18,1850,2014,CC0 1.0,true,false,10.48364/ISIMIP.842396.1
mpi-esm1-2-hr,r1i1p1f1,ssp126,pr,6d0d3dc0-b9cc-4767-8380-1df35ea91791,mpi-esm1-2-hr_r1i1p1f1_w5e5_ssp126_pr_global_daily,20210512,18063495493,9,2015,2100,CC0 1.0,true,false,10.48364/ISIMIP.842396.1
mpi-esm1-2-hr,r1i1p1f1,ssp126,tas,a3989ae4-3968-4e50-9b68-3396751a6c96,mpi-esm1-2-hr_r1i1p1f1_w5e5_ssp126_tas_global_daily,20210512,17690602385,9,2015,2100,CC0 1.0,true,false,10.48364/ISIMIP.842396.1
mpi-esm1-2-hr,r1i1p1f1,ssp126,tasmax,3e2d93dd-7daf-4153-8e92-72293dc74edd,mpi-esm1-2-hr_r1i1p1f1_w5e5_ssp126_tasmax_global_daily,20210512,17794140813,9,2015,2100,CC0 1.0,true,false,10.48364/ISIMIP.842396.1
mpi-esm1-2-hr,r1i1p1f1,ssp126,tasmin,762f2d0d-e993-4889-8bac-442291889af1,mpi-esm1-2-hr_r1i1p1f1_w5e5_ssp126_tasmin_global_daily,20210512,17878831401,9,2015,2100,CC0 1.0,true,false,10.48364/ISIMIP.842396.1
mpi-esm1-2-hr,r1i1p1f1,ssp370,pr,acb43507-b914-4028-aa15-67a7f51fa14e,mpi-esm1-2-hr_r1i1p1f1_w5e5_ssp370_pr_global_daily,20210512,18049589800,9,2015,2100,CC0 1.0,true,false,10.48364/ISIMIP.842396.1
mpi-esm1-2-hr,r1i1p1f1,ssp370,tas,4f168a86-5cc5-4745-ab2a-950454a35fe5,mpi-esm1-2-hr_r1i1p1f1_w5e5_ssp370_tas_global_daily,20210512,17681893845,9,2015,2100,CC0 1.0,true,false,10.48364/ISIMIP.842396.1
mpi-esm1-2-hr,r1i1p1f1,ssp370,tasmax,552e578a-90cb-4101-a667-c770e0376807,mpi-esm1-2-hr_r1i1p1f1_w5e5_ssp370_tasmax_global_daily,20210512,17784779616,9,2015,2100,CC0 1.0,true,false,10.48364/ISIMIP.842396.1
mpi-esm1-2-hr,r1i1p1f1,ssp370,tasmin,e381730f-b615-472b-94a3-f482ee839cbc,mpi-esm1-2-hr_r1i1p1f1_w5e5_ssp370_tasmin_global_daily,20210512,17856369094,9,2015,2100,CC0 1.0,true,false,10.48364/ISIMIP.842396.1
mpi-esm1-2-hr,r1i1p1f1,ssp585,pr,9c04961f-4609-44b2-94bb-a33d20fc2762,mpi-esm1-2-hr_r1i1p1f1_w5e5_ssp585_pr_global_daily,20210512,18040077359,9,2015,2100,CC0 1.0,true,false,10.48364/ISIMIP.842396.1
mpi-esm1-2-hr,r1i1p1f1,ssp585,tas,04d01ea2-0201-4b8a-84e1-23f1f08d9d11,mpi-esm1-2-hr_r1i1p1f1_w5e5_ssp585_tas_global_daily,20210512,17681590956,9,2015,2100,CC0 1.0,true,false,10.48364/ISIMIP.842396.1
mpi-esm1-2-hr,r1i1p1f1,ssp585,tasmax,63ca86b0-40a1-449d-adc6-15cf15dda9b5,mpi-esm1-2-hr_r1i1p1f1_w5e5_ssp585_tasmax_global_daily,20210512,17784586242,9,2015,2100,CC0 1.0,true,false,10.48364/ISIMIP.842396.1
mpi-esm1-2-hr,r1i1p1f1,ssp585,tasmin,ffc071d4-929a-4242-9c64-4c9f6e2c067d,mpi-esm1-2-hr_r1i1p1f1_w5e5_ssp585_tasmin_global_daily,20210512,17854462941,9,2015,2100,CC0 1.0,true,false,10.48364/ISIMIP.842396.1
mri-esm2-0,r1i1p1f1,historical,pr,f69c765f-e8fc-4b5d-a67b-5ec6c3792b65,mri-esm2-0_r1i1p1f1_w5e5_historical_pr_global_daily,20210512,34010369685,18,1850,2014,CC0 1.0,true,false,10.48364/ISIMIP.842396.1
mri-esm2-0,r1i1p1f1,historical,tas,7f461a74-e969-4baa-8bc9-d4e89b6d996e,mri-esm2-0_r1i1p1f1_w5e5_historical_tas_global_daily,20210512,33869286983,18,1850,2014,CC0 1.0,true,false,10.48364/ISIMIP.842396.1
mri-esm2-0,r1i1p1f1,historical,tasmax,0148d26a-3677-4061-b15f-978592126f7d,mri-esm2-0_r1i1p1f1_w5e5_historical_tasmax_global_daily,20210512,34093174875,18,1850,2014,CC0 1.0,true,false,10.48364/ISIMIP.842396.1
mri-esm2-0,r1i1p1f1,historical,tasmin,d936585b-c010-45aa-93d5-59c0e30cb4be,mri-esm2-0_r1i1p1f1_w5e5_historical_tasmin_global_daily,20210512,34211996899,18,1850,2014,CC0 1.0,true,false,10.48364/ISIMIP.842396.1
mri-esm2-0,r1i1p1f1,ssp126,pr,a3e28029-e111-4577-b636-174a1ffc8aab,mri-esm2-0_r1i1p1f1_w5e5_ssp126_pr_global_daily,20210512,17881532343,9,2015,2100,CC0 1.0,true,false,10.48364/ISIMIP.842396.1
mri-esm2-0,r1i1p1f1,ssp126,tas,afb7d844-1aa4-4d63-b7a7-58d35d008036,mri-esm2-0_r1i1p1f1_w5e5_ssp126_tas_global_daily,20210512,17611068481,9,2015,2100,CC0 1.0,true,false,10.48364/ISIMIP.842396.1
mri-esm2-0,r1i1p1f1,ssp126,tasmax,4c5644b9-4f14-4c66-bcd0-5b5db4283cf9,mri-esm2-0_r1i1p1f1_w5e5_ssp126_tasmax_global_daily,20210512,17742436554,9,2015,2100,CC0 1.0,true,false,10.48364/ISIMIP.842396.1
mri-esm2-0,r1i1p1f1,ssp126,tasmin,80a8871e-d51f-4287-83cf-620c874d43ef,mri-esm2-0_r1i1p1f1_w5e5_ssp126_tasmin_global_daily,20210512,17791875986,9,2015,2100,CC0 1.0,true,false,10.48364/ISIMIP.842396.1
mri-esm2-0,r1i1p1f1,ssp370,pr,ff5d7e36-8ee9-4746-bea7-1c1450f94ee7,mri-esm2-0_r1i1p1f1_w5e5_ssp370_pr_global_daily,20210512,17902376356,9,2015,2100,CC0 1.0,true,false,10.48364/ISIMIP.842396.1
mri-esm2-0,r1i1p1f1,ssp370,tas,d3c56f0a-0e9d-4838-a646-9e4db398e62f,mri-esm2-0_r1i1p1f1_w5e5_ssp370_tas_global_daily,20210512,17604502190,9,2015,2100,CC0 1.0,true,false,10.48364/ISIMIP.842396.1
mri-esm2-0,r1i1p1f1,ssp370,tasmax,cdc89d68-bbd5-47e0-ad0c-ed0466e112f3,mri-esm2-0_r1i1p1f1_w5e5_ssp370_tasmax_global_daily,20210512,17735108080,9,2015,2100,CC0 1.0,true,false,10.48364/ISIMIP.842396.1
mri-esm2-0,r1i1p1f1,ssp370,tasmin,12317619-bb84-425e-8fa6-a5ee5085a881,mri-esm2-0_r1i1p1f1_w5e5_ssp370_tasmin_global_daily,20210512,17775644050,9,2015,2100,CC0 1.0,true,false,10.48364/ISIMIP.842396.1
mri-esm2-0,r1i1p1f1,ssp585,pr,10f79bb9-54af-4f1e-b88f-f1b2d2bfdeca,mri-esm2-0_r1i1p1f1_w5e5_ssp585_pr_global_daily,20210512,17947806549,9,2015,2100,CC0 1.0,true,false,10.48364/ISIMIP.842396.1
mri-esm2-0,r1i1p1f1,ssp585,tas,7794344e-e721-4c4c-9c2e-2c429c3c0477,mri-esm2-0_r1i1p1f1_w5e5_ssp585_tas_global_daily,20210512,17603522629,9,2015,2100,CC0 1.0,true,false,10.48364/ISIMIP.842396.1
mri-esm2-0,r1i1p1f1,ssp585,tasmax,5906dd17-aac1-44ac-b8b6-41985926ef3d,mri-esm2-0_r1i1p1f1_w5e5_ssp585_tasmax_global_daily,20210512,17734649513,9,2015,2100,CC0 1.0,true,false,10.48364/ISIMIP.842396.1
mri-esm2-0,r1i1p1f1,ssp585,tasmin,aa3d89fd-c220-4be2-a325-0b64e101f9b1,mri-esm2-0_r1i1p1f1_w5e5_ssp585_tasmin_global_daily,20210512,17771549679,9,2015,2100,CC0 1.0,true,false,10.48364/ISIMIP.842396.1
ukesm1-0-ll,r1i1p1f2,historical,pr,70f34be5-c381-41ae-92eb-e783663fc1cc,ukesm1-0-ll_r1i1p1f2_w5e5_historical_pr_global_daily,20210512,34758745079,18,1850,2014,CC0 1.0,true,false,10.48364/ISIMIP.842396.1
ukesm1-0-ll,r1i1p1f2,historical,tas,342d8b1f-8f2b-4c62-84ea-7335b7f0d150,ukesm1-0-ll_r1i1p1f2_w5e5_historical_tas_global_daily,20210512,34060921287,18,1850,2014,CC0 1.0,true,false,10.48364/ISIMIP.842396.1
ukesm1-0-ll,r1i1p1f2,historical,tasmax,d6bb7ad8-346a-4405-8ef8-8a1f72ba1366,ukesm1-0-ll_r1i1p1f2_w5e5_historical_tasmax_global_daily,20210512,34268342928,18,1850,2014,CC0 1.0,true,false,10.48364/ISIMIP.842396.1
ukesm1-0-ll,r1i1p1f2,historical,tasmin,b2fec66e-3001-4750-b412-7323e39b7f71,ukesm1-0-ll_r1i1p1f2_w5e5_historical_tasmin_global_daily,20210512,34457233334,18,1850,2014,CC0 1.0,true,false,10.48364/ISIMIP.842396.1
ukesm1-0-ll,r1i1p1f2,ssp126,pr,d4d442b7-d651-4719-9ead-16e172dc37b1,ukesm1-0-ll_r1i1p1f2_w5e5_ssp126_pr_global_daily,20210512,18413880706,9,2015,2100,CC0 1.0,true,false,10.48364/ISIMIP.842396.1
ukesm1-0-ll,r1i1p1f2,ssp126,tas,a752c325-aad2-4965-afc9-a59ff7a0e04d,ukesm1-0-ll_r1i1p1f2_w5e5_ssp126_tas_global_daily,20210512,17726713524,9,2015,2100,CC0 1.0,true,false,10.48364/ISIMIP.842396.1
ukesm1-0-ll,r1i1p1f2,ssp126,tasmax,d3ce370b-251f-4191-974b-9fa3c92f068c,ukesm1-0-ll_r1i1p1f2_w5e5_ssp126_tasmax_global_daily,20210512,17834835498,9,2015,2100,CC0 1.0,true,false,10.48364/ISIMIP.842396.1
ukesm1-0-ll,r1i1p1f2,ssp126,tasmin,95aad1d0-0787-4669-80ce-2bc03530d359,ukesm1-0-ll_r1i1p1f2_w5e5_ssp126_tasmin_global_daily,20210512,17911299152,9,2015,2100,CC0 1.0,true,false,10.48364/ISIMIP.842396.1
ukesm1-0-ll,r1i1p1f2,ssp370,pr,92deba84-0382-45b8-b370-ef35ab564517,ukesm1-0-ll_r1i1p1f2_w5e5_ssp370_pr_global_daily,20210512,18441019331,9,2015,2100,CC0 1.0,true,false,10.48364/ISIMIP.842396.1
ukesm1-0-ll,r1i1p1f2,ssp370,tas,fce39d22-a04f-4dc0-8d99-251a76613128,ukesm1-0-ll_r1i1p1f2_w5e5_ssp370_tas_global_daily,20210512,17724599812,9,2015,2100,CC0 1.0,true,false,10.48364/ISIMIP.842396.1
ukesm1-0-ll,r1i1p1f2,ssp370,tasmax,be7816eb-8a10-43ef-81ed-fe47365f14b1,ukesm1-0-ll_r1i1p1f2_w5e5_ssp370_tasmax_global_daily,20210512,17833674508,9,2015,2100,CC0 1.0,true,false,10.48364/ISIMIP.842396.1
ukesm1-0-ll,r1i1p1f2,ssp370,tasmin,f41ac767-dadb-43cb-b972-c36e64e78b65,ukesm1-0-ll_r1i1p1f2_w5e5_ssp370_tasmin_global_daily,20210512,17900100323,9,2015,2100,CC0 1.0,true,false,10.48364/ISIMIP.842396.1
ukesm1-0-ll,r1i1p1f2,ssp585,pr,58ad6c99-4a70-467a-bde2-6647ced7e45e,ukesm1-0-ll_r1i1p1f2_w5e5_ssp585_pr_global_daily,20210512,18511247466,9,2015,2100,CC0 1.0,true,false,10.48364/ISIMIP.842396.1
ukesm1-0-ll,r1i1p1f2,ssp585,tas,55a8610a-8fa3-4578-a510-c98732870e08,ukesm1-0-ll_r1i1p1f2_w5e5_ssp585_tas_global_daily,20210512,17725378798,9,2015,2100,CC0 1.0,true,false,10.48364/ISIMIP.842396.1
ukesm1-0-ll,r1i1p1f2,ssp585,tasmax,9a00c319-5265-4b8f-82bd-ab7318ee8d7d,ukesm1-0-ll_r1i1p1f2_w5e5_ssp585_tasmax_global_daily,20210512,17835085029,9,2015,2100,CC0 1.0,true,false,10.48364/ISIMIP.842396.1
ukesm1-0-ll,r1i1p1f2,ssp585,tasmin,18c96ebd-e661-45b6-b506-5eee777637af,ukesm1-0-ll_r1i1p1f2_w5e5_ssp585_tasmin_global_daily,20210512,17897318477,9,2015,2100,CC0 1.0,true,false,10.48364/ISIMIP.842396.1
