scenario,dr_label,prtp,eta,trial,scc_2020usd_per_tco2,baseline_scc,delta_scc
Residual medium,2.0%,0.00197458793624916,1.244458999,1,220.5697782420573,220.1043317354974,0.46544650655991404
Residual medium,2.0%,0.00197458793624916,1.244458999,2,364.2102923186925,363.73411289558805,0.4761794231044405
Residual medium,2.0%,0.00197458793624916,1.244458999,3,144.88819545181107,144.22241255733405,0.6657828944770188
Residual medium,2.0%,0.00197458793624916,1.244458999,4,156.12086826583385,155.9060193634409,0.2148489023929585
Residual medium,2.0%,0.00197458793624916,1.244458999,5,375.3474686816062,372.0991721274073,3.2482965541988733
Residual medium,2.0%,0.00197458793624916,1.244458999,6,179.79946398594302,179.4824796363447,0.31698434959832866
Residual medium,2.0%,0.00197458793624916,1.244458999,7,93.48225106417422,93.3734083969945,0.10884266717971514
Residual medium,2.0%,0.00197458793624916,1.244458999,8,515.4947228743595,514.6897432450969,0.8049796292625615
Residual medium,2.0%,0.00197458793624916,1.244458999,9,129.91317674486993,129.6176008264381,0.2955759184318367
Residual medium,2.0%,0.00197458793624916,1.244458999,10,54.48179199096156,54.416728247200126,0.06506374376143498
Residual medium,2.0%,0.00197458793624916,1.244458999,11,698.6449573416088,695.055946393461,3.589010948147802
Residual medium,2.0%,0.00197458793624916,1.244458999,12,222.6144949757522,221.5256684196541,1.0888265560980983
Residual medium,2.0%,0.00197458793624916,1.244458999,13,161.17145277512324,160.92113340140767,0.2503193737155698
Residual medium,2.0%,0.00197458793624916,1.244458999,14,98.76120889737426,98.52181921791713,0.2393896794571333
Residual medium,2.0%,0.00197458793624916,1.244458999,15,33.67707717809037,33.605643087613416,0.0714340904769557
Residual medium,2.0%,0.00197458793624916,1.244458999,16,144.9022480434718,144.7618217545328,0.14042628893898268
Residual medium,2.0%,0.00197458793624916,1.244458999,17,66.98618956685155,66.85500746555847,0.13118210129307784
Residual medium,2.0%,0.00197458793624916,1.244458999,18,308.4782340624588,307.9680112488813,0.5102228135775135
Residual medium,2.0%,0.00197458793624916,1.244458999,19,131.37936767015896,131.20727875815425,0.17208891200471044
Residual medium,2.0%,0.00197458793624916,1.244458999,20,227.9855724972296,227.6817949535863,0.30377754364332077
Residual medium,2.0%,0.00197458793624916,1.244458999,21,297.25216100246644,296.75515625100996,0.4970047514564726
Residual medium,2.0%,0.00197458793624916,1.244458999,22,52.53323531367402,52.433909958493885,0.09932535518013452
Residual medium,2.0%,0.00197458793624916,1.244458999,23,76.2016212141799,75.77802422444424,0.42359698973565685
Residual medium,2.0%,0.00197458793624916,1.244458999,24,392.1700330209645,391.73096493378273,0.4390680871817949
Residual medium,2.0%,0.00197458793624916,1.244458999,25,199.71819732543048,199.12499419757407,0.5932031278564125
Residual medium,2.0%,0.00197458793624916,1.244458999,26,24.227944151298416,24.194123821134102,0.03382033016431407
Residual medium,2.0%,0.00197458793624916,1.244458999,27,139.35705137926294,138.83502510343192,0.5220262758310241
Residual medium,2.0%,0.00197458793624916,1.244458999,28,133.52843235291238,133.34760050573018,0.18083184718219059
Residual medium,2.0%,0.00197458793624916,1.244458999,29,234.48268905439593,233.43198583431237,1.0507032200835624
Residual medium,2.0%,0.00197458793624916,1.244458999,30,91.5039895699219,91.38347901578636,0.12051055413553513
Residual medium,2.0%,0.00197458793624916,1.244458999,31,94.21991353831928,94.033952100741,0.18596143757827122
Residual medium,2.0%,0.00197458793624916,1.244458999,32,149.19356851843335,149.0406737359193,0.1528947825140392
Residual medium,2.0%,0.00197458793624916,1.244458999,33,124.11782179005884,123.93408348908504,0.1837383009738005
Residual medium,2.0%,0.00197458793624916,1.244458999,34,108.54637580317316,108.27751414804924,0.2688616551239278
Residual medium,2.0%,0.00197458793624916,1.244458999,35,232.0435919421959,231.60961224031527,0.43397970188061663
Residual medium,2.0%,0.00197458793624916,1.244458999,36,67.54766599967576,67.38378950623999,0.16387649343576527
Residual medium,2.0%,0.00197458793624916,1.244458999,37,187.98499116461247,187.60809830209791,0.376892862514552
Residual medium,2.0%,0.00197458793624916,1.244458999,38,338.45543801825835,337.76899085862726,0.6864471596310864
Residual medium,2.0%,0.00197458793624916,1.244458999,39,121.42929639000104,121.2748082338039,0.1544881561971465
Residual medium,2.0%,0.00197458793624916,1.244458999,40,177.5988635442857,177.1221073727905,0.47675617149519667
Residual medium,2.0%,0.00197458793624916,1.244458999,41,301.3700811204916,299.75738526706925,1.6126958534223377
Residual medium,2.0%,0.00197458793624916,1.244458999,42,211.662281614726,211.35922710108005,0.3030545136459466
Residual medium,2.0%,0.00197458793624916,1.244458999,43,114.5433566722906,114.42077826628628,0.12257840600432246
Residual medium,2.0%,0.00197458793624916,1.244458999,44,758.3605599426379,757.0693022984474,1.291257644190523
Residual medium,2.0%,0.00197458793624916,1.244458999,45,153.93568263146415,153.4650879985558,0.4705946329083588
Residual medium,2.0%,0.00197458793624916,1.244458999,46,60.696865328054265,60.50260616833334,0.19425915972092866
Residual medium,2.0%,0.00197458793624916,1.244458999,47,136.13244606193717,135.81883747194334,0.3136085899938337
Residual medium,2.0%,0.00197458793624916,1.244458999,48,106.05943100146789,105.92487135936922,0.13455964209866522
Residual medium,2.0%,0.00197458793624916,1.244458999,49,104.74034159064774,104.64295030333402,0.0973912873137266
Residual medium,2.0%,0.00197458793624916,1.244458999,50,137.48995255721968,137.17791766163182,0.3120348955878569
Residual medium,2.0%,0.00197458793624916,1.244458999,51,150.13945654900394,149.85040391503932,0.2890526339646158
Residual medium,2.0%,0.00197458793624916,1.244458999,52,228.3307785487152,228.0167671275244,0.3140114211907985
Residual medium,2.0%,0.00197458793624916,1.244458999,53,115.91132120516072,115.79191908893192,0.11940211622879815
Residual medium,2.0%,0.00197458793624916,1.244458999,54,27.97666983695295,27.942042058555213,0.034627778397737785
Residual medium,2.0%,0.00197458793624916,1.244458999,55,354.97578716903234,352.9862752842029,1.989511884829426
Residual medium,2.0%,0.00197458793624916,1.244458999,56,337.35679247887725,336.4810009551674,0.8757915237098359
Residual medium,2.0%,0.00197458793624916,1.244458999,57,114.7753901781349,114.66750102636334,0.107889151771559
Residual medium,2.0%,0.00197458793624916,1.244458999,58,94.57554428455585,94.32018805183188,0.2553562327239689
Residual medium,2.0%,0.00197458793624916,1.244458999,59,371.59957237483553,370.6258613362424,0.9737110385931373
Residual medium,2.0%,0.00197458793624916,1.244458999,60,432.4083274735569,429.3310071965377,3.0773202770191688
Residual medium,2.0%,0.00197458793624916,1.244458999,61,181.3198007487924,180.89803050900545,0.4217702397869516
Residual medium,2.0%,0.00197458793624916,1.244458999,62,74.49989459819894,74.34443488776648,0.15545971043245288
Residual medium,2.0%,0.00197458793624916,1.244458999,63,261.0880533858135,260.7977246325583,0.2903287532552099
Residual medium,2.0%,0.00197458793624916,1.244458999,64,159.14857549270738,158.7391546500601,0.40942084264727896
Residual medium,2.0%,0.00197458793624916,1.244458999,65,16.91779136122457,16.878125736522954,0.039665624701616053
Residual medium,2.0%,0.00197458793624916,1.244458999,66,85.28359301555567,85.1586418704767,0.12495114507896687
Residual medium,2.0%,0.00197458793624916,1.244458999,67,215.55775678417947,215.19237058765168,0.365386196527794
Residual medium,2.0%,0.00197458793624916,1.244458999,68,1003.4802567275466,999.6224948818192,3.8577618457273957
Residual medium,2.0%,0.00197458793624916,1.244458999,69,99.24552557128816,99.16975407407986,0.07577149720829368
Residual medium,2.0%,0.00197458793624916,1.244458999,70,157.1187000092958,156.83316500470912,0.28553500458667713
Residual medium,2.0%,0.00197458793624916,1.244458999,71,95.073910965678,94.81812775556378,0.2557832101142168
Residual medium,2.0%,0.00197458793624916,1.244458999,72,472.9581848560641,471.10677573379314,1.8514091222709794
Residual medium,2.0%,0.00197458793624916,1.244458999,73,226.5689797035708,226.2329146348798,0.33606506869099917
Residual medium,2.0%,0.00197458793624916,1.244458999,74,79.60812890446267,79.50723959686944,0.10088930759323489
Residual medium,2.0%,0.00197458793624916,1.244458999,75,203.2911271015198,202.91580590676875,0.3753211947510522
Residual medium,2.0%,0.00197458793624916,1.244458999,76,165.02840328717153,164.50979349419433,0.5186097929772018
Residual medium,2.0%,0.00197458793624916,1.244458999,77,239.5448616027239,238.86713247185588,0.6777291308680162
Residual medium,2.0%,0.00197458793624916,1.244458999,78,127.92938479109388,127.55278079038872,0.3766040007051572
Residual medium,2.0%,0.00197458793624916,1.244458999,79,235.5374200656071,235.02845984113097,0.5089602244761409
Residual medium,2.0%,0.00197458793624916,1.244458999,80,155.93151783452709,155.74165065029774,0.18986718422934246
Residual medium,2.0%,0.00197458793624916,1.244458999,81,99.81564847185388,99.66162889146544,0.15401958038843588
Residual medium,2.0%,0.00197458793624916,1.244458999,82,169.93369996819897,169.7180091362925,0.2156908319064712
Residual medium,2.0%,0.00197458793624916,1.244458999,83,109.43672878597236,109.08409685291213,0.35263193306023766
Residual medium,2.0%,0.00197458793624916,1.244458999,84,145.17736767463936,144.83970828850644,0.3376593861329127
Residual medium,2.0%,0.00197458793624916,1.244458999,85,439.315907161304,437.0456325706176,2.2702745906863697
Residual medium,2.0%,0.00197458793624916,1.244458999,86,464.8245534677664,463.8456078814385,0.9789455863278818
Residual medium,2.0%,0.00197458793624916,1.244458999,87,197.69194429839553,197.38487701004817,0.30706728834735486
Residual medium,2.0%,0.00197458793624916,1.244458999,88,113.11974317599152,112.7751101656877,0.34463301030380933
Residual medium,2.0%,0.00197458793624916,1.244458999,89,216.59950640691093,216.40199605213417,0.19751035477676737
Residual medium,2.0%,0.00197458793624916,1.244458999,90,6.506343392463399,6.475182259474183,0.031161132989216078
Residual medium,2.0%,0.00197458793624916,1.244458999,91,91.90553928274149,91.68363719733787,0.22190208540361311
Residual medium,2.0%,0.00197458793624916,1.244458999,92,161.81221685348086,161.3058860720078,0.5063307814730535
Residual medium,2.0%,0.00197458793624916,1.244458999,93,280.1468123902148,279.51594266827493,0.6308697219398596
Residual medium,2.0%,0.00197458793624916,1.244458999,94,175.32561531871548,174.99523329383328,0.3303820248821978
Residual medium,2.0%,0.00197458793624916,1.244458999,95,151.5001161282718,151.05351550922143,0.44660061905037196
Residual medium,2.0%,0.00197458793624916,1.244458999,96,222.6241467486084,222.31670128490785,0.30744546370056014
Residual medium,2.0%,0.00197458793624916,1.244458999,97,29.41885561869125,29.369950619722044,0.048904998969206304
Residual medium,2.0%,0.00197458793624916,1.244458999,98,201.9420046932517,201.409308000997,0.5326966922547172
Residual medium,2.0%,0.00197458793624916,1.244458999,99,384.6842904616573,383.6186781659488,1.0656122957085472
Residual medium,2.0%,0.00197458793624916,1.244458999,100,88.04102739021496,87.94340478175722,0.09762260845774051
Residual high,2.0%,0.00197458793624916,1.244458999,1,224.72124467278843,220.1043317354974,4.616912937291033
Residual high,2.0%,0.00197458793624916,1.244458999,2,387.26643976362453,363.73411289558805,23.532326868036478
Residual high,2.0%,0.00197458793624916,1.244458999,3,151.17991941260942,144.22241255733405,6.957506855275369
Residual high,2.0%,0.00197458793624916,1.244458999,4,158.98162314970324,155.9060193634409,3.0756037862623486
Residual high,2.0%,0.00197458793624916,1.244458999,5,458.251187585764,372.0991721274073,86.15201545835669
Residual high,2.0%,0.00197458793624916,1.244458999,6,190.4724141607792,179.4824796363447,10.989934524434517
Residual high,2.0%,0.00197458793624916,1.244458999,7,96.45507236529664,93.3734083969945,3.081663968302138
Residual high,2.0%,0.00197458793624916,1.244458999,8,532.7370827238224,514.6897432450969,18.047339478725462
Residual high,2.0%,0.00197458793624916,1.244458999,9,132.36744282820644,129.6176008264381,2.749842001768343
Residual high,2.0%,0.00197458793624916,1.244458999,10,56.62469440052814,54.416728247200126,2.207966153328016
Residual high,2.0%,0.00197458793624916,1.244458999,11,723.5600892891937,695.055946393461,28.504142895732684
Residual high,2.0%,0.00197458793624916,1.244458999,12,233.97974286528031,221.5256684196541,12.454074445626219
Residual high,2.0%,0.00197458793624916,1.244458999,13,170.15406099976997,160.92113340140767,9.232927598362295
Residual high,2.0%,0.00197458793624916,1.244458999,14,103.98336480895202,98.52181921791713,5.461545591034891
Residual high,2.0%,0.00197458793624916,1.244458999,15,36.07274155314663,33.605643087613416,2.467098465533212
Residual high,2.0%,0.00197458793624916,1.244458999,16,149.21257586434012,144.7618217545328,4.4507541098073204
Residual high,2.0%,0.00197458793624916,1.244458999,17,70.74313336900829,66.85500746555847,3.8881259034498186
Residual high,2.0%,0.00197458793624916,1.244458999,18,319.7435732079217,307.9680112488813,11.77556195904043
Residual high,2.0%,0.00197458793624916,1.244458999,19,137.32863573010505,131.20727875815425,6.121356971950803
Residual high,2.0%,0.00197458793624916,1.244458999,20,232.8708473036148,227.6817949535863,5.189052350028504
Residual high,2.0%,0.00197458793624916,1.244458999,21,319.95313803410073,296.75515625100996,23.197981783090768
Residual high,2.0%,0.00197458793624916,1.244458999,22,53.50832904786088,52.433909958493885,1.074419089366998
Residual high,2.0%,0.00197458793624916,1.244458999,23,84.79969296844075,75.77802422444424,9.021668743996514
Residual high,2.0%,0.00197458793624916,1.244458999,24,412.40242735642903,391.73096493378273,20.6714624226463
Residual high,2.0%,0.00197458793624916,1.244458999,25,210.57700621101947,199.12499419757407,11.452012013445398
Residual high,2.0%,0.00197458793624916,1.244458999,26,24.794792263536255,24.194123821134102,0.6006684424021529
Residual high,2.0%,0.00197458793624916,1.244458999,27,146.83881074455658,138.83502510343192,8.003785641124665
Residual high,2.0%,0.00197458793624916,1.244458999,28,137.5531299933453,133.34760050573018,4.2055294876151095
Residual high,2.0%,0.00197458793624916,1.244458999,29,244.04776327016248,233.43198583431237,10.615777435850106
Residual high,2.0%,0.00197458793624916,1.244458999,30,93.39841972220624,91.38347901578636,2.0149407064198783
Residual high,2.0%,0.00197458793624916,1.244458999,31,97.51979000469484,94.033952100741,3.4858379039538363
Residual high,2.0%,0.00197458793624916,1.244458999,32,151.73098116929572,149.0406737359193,2.690307433376404
Residual high,2.0%,0.00197458793624916,1.244458999,33,128.00806741584927,123.93408348908504,4.073983926764228
Residual high,2.0%,0.00197458793624916,1.244458999,34,111.34106549870911,108.27751414804924,3.0635513506598784
Residual high,2.0%,0.00197458793624916,1.244458999,35,241.45427557141235,231.60961224031527,9.844663331097081
Residual high,2.0%,0.00197458793624916,1.244458999,36,69.71316369458663,67.38378950623999,2.329374188346634
Residual high,2.0%,0.00197458793624916,1.244458999,37,190.6442911457555,187.60809830209791,3.036192843657574
Residual high,2.0%,0.00197458793624916,1.244458999,38,347.7583335521375,337.76899085862726,9.989342693510253
Residual high,2.0%,0.00197458793624916,1.244458999,39,124.95327753649153,121.2748082338039,3.678469302687631
Residual high,2.0%,0.00197458793624916,1.244458999,40,214.54140455013177,177.1221073727905,37.419297177341264
Residual high,2.0%,0.00197458793624916,1.244458999,41,326.4916719631991,299.75738526706925,26.734286696129857
Residual high,2.0%,0.00197458793624916,1.244458999,42,221.4907578136116,211.35922710108005,10.131530712531543
Residual high,2.0%,0.00197458793624916,1.244458999,43,116.6984742201744,114.42077826628628,2.277695953888127
Residual high,2.0%,0.00197458793624916,1.244458999,44,770.5168047239134,757.0693022984474,13.447502425466041
Residual high,2.0%,0.00197458793624916,1.244458999,45,164.70996087777382,153.4650879985558,11.244872879218036
Residual high,2.0%,0.00197458793624916,1.244458999,46,63.858821884594995,60.50260616833334,3.3562157162616586
Residual high,2.0%,0.00197458793624916,1.244458999,47,141.64518690780574,135.81883747194334,5.826349435862397
Residual high,2.0%,0.00197458793624916,1.244458999,48,111.136350651364,105.92487135936922,5.211479291994777
Residual high,2.0%,0.00197458793624916,1.244458999,49,108.5551159005829,104.64295030333402,3.9121655972488867
Residual high,2.0%,0.00197458793624916,1.244458999,50,144.0352846311617,137.17791766163182,6.857366969529863
Residual high,2.0%,0.00197458793624916,1.244458999,51,154.3889504808071,149.85040391503932,4.538546565767774
Residual high,2.0%,0.00197458793624916,1.244458999,52,241.43310491425223,228.0167671275244,13.416337786727837
Residual high,2.0%,0.00197458793624916,1.244458999,53,120.18771405685035,115.79191908893192,4.395794967918434
Residual high,2.0%,0.00197458793624916,1.244458999,54,29.39182486036097,27.942042058555213,1.4497828018057568
Residual high,2.0%,0.00197458793624916,1.244458999,55,407.9108046250401,352.9862752842029,54.92452934083718
Residual high,2.0%,0.00197458793624916,1.244458999,56,361.69986971362226,336.4810009551674,25.218868758454846
Residual high,2.0%,0.00197458793624916,1.244458999,57,118.30186774299108,114.66750102636334,3.6343667166277385
Residual high,2.0%,0.00197458793624916,1.244458999,58,98.89469244799376,94.32018805183188,4.574504396161885
Residual high,2.0%,0.00197458793624916,1.244458999,59,383.6575893427973,370.6258613362424,13.031728006554886
Residual high,2.0%,0.00197458793624916,1.244458999,60,468.5364955486121,429.3310071965377,39.20548835207438
Residual high,2.0%,0.00197458793624916,1.244458999,61,189.2537729955654,180.89803050900545,8.355742486559961
Residual high,2.0%,0.00197458793624916,1.244458999,62,75.32285346768877,74.34443488776648,0.9784185799222911
Residual high,2.0%,0.00197458793624916,1.244458999,63,273.36168157447514,260.7977246325583,12.563956941916842
Residual high,2.0%,0.00197458793624916,1.244458999,64,167.3318576094566,158.7391546500601,8.59270295939649
Residual high,2.0%,0.00197458793624916,1.244458999,65,18.127072601309195,16.878125736522954,1.248946864786241
Residual high,2.0%,0.00197458793624916,1.244458999,66,87.06220342430494,85.1586418704767,1.90356155382824
Residual high,2.0%,0.00197458793624916,1.244458999,67,228.548951424576,215.19237058765168,13.356580836924309
Residual high,2.0%,0.00197458793624916,1.244458999,68,1096.5522966367057,999.6224948818192,96.92980175488651
Residual high,2.0%,0.00197458793624916,1.244458999,69,100.61429214601144,99.16975407407986,1.444538071931575
Residual high,2.0%,0.00197458793624916,1.244458999,70,160.11378536036148,156.83316500470912,3.28062035565236
Residual high,2.0%,0.00197458793624916,1.244458999,71,97.4310965641438,94.81812775556378,2.612968808580021
Residual high,2.0%,0.00197458793624916,1.244458999,72,534.4008951224542,471.10677573379314,63.2941193886611
Residual high,2.0%,0.00197458793624916,1.244458999,73,241.10599946283193,226.2329146348798,14.873084827952141
Residual high,2.0%,0.00197458793624916,1.244458999,74,83.52645867585251,79.50723959686944,4.01921907898307
Residual high,2.0%,0.00197458793624916,1.244458999,75,212.27608951139703,202.91580590676875,9.360283604628279
Residual high,2.0%,0.00197458793624916,1.244458999,76,171.3691694787884,164.50979349419433,6.859375984594067
Residual high,2.0%,0.00197458793624916,1.244458999,77,259.23061777875773,238.86713247185588,20.36348530690185
Residual high,2.0%,0.00197458793624916,1.244458999,78,133.08139395596896,127.55278079038872,5.528613165580239
Residual high,2.0%,0.00197458793624916,1.244458999,79,243.04912868673472,235.02845984113097,8.020668845603751
Residual high,2.0%,0.00197458793624916,1.244458999,80,163.23547874403678,155.74165065029774,7.49382809373904
Residual high,2.0%,0.00197458793624916,1.244458999,81,103.9574911245562,99.66162889146544,4.295862233090759
Residual high,2.0%,0.00197458793624916,1.244458999,82,178.44988634392828,169.7180091362925,8.73187720763579
Residual high,2.0%,0.00197458793624916,1.244458999,83,113.61278183767072,109.08409685291213,4.528684984758598
Residual high,2.0%,0.00197458793624916,1.244458999,84,151.2041159017255,144.83970828850644,6.3644076132190435
Residual high,2.0%,0.00197458793624916,1.244458999,85,447.4067429700336,437.0456325706176,10.361110399415963
Residual high,2.0%,0.00197458793624916,1.244458999,86,482.7606144956444,463.8456078814385,18.91500661420588
Residual high,2.0%,0.00197458793624916,1.244458999,87,209.08061652863552,197.38487701004817,11.695739518587345
Residual high,2.0%,0.00197458793624916,1.244458999,88,115.31618520335356,112.7751101656877,2.5410750376658484
Residual high,2.0%,0.00197458793624916,1.244458999,89,223.22135245812785,216.40199605213417,6.8193564059936875
Residual high,2.0%,0.00197458793624916,1.244458999,90,7.174560018079359,6.475182259474183,0.6993777586051761
Residual high,2.0%,0.00197458793624916,1.244458999,91,97.11129893005626,91.68363719733787,5.427661732718391
Residual high,2.0%,0.00197458793624916,1.244458999,92,168.35713465320285,161.3058860720078,7.05124858119504
Residual high,2.0%,0.00197458793624916,1.244458999,93,289.7717826959289,279.51594266827493,10.25584002765396
Residual high,2.0%,0.00197458793624916,1.244458999,94,186.202292397024,174.99523329383328,11.207059103190716
Residual high,2.0%,0.00197458793624916,1.244458999,95,154.0523984695532,151.05351550922143,2.9988829603317697
Residual high,2.0%,0.00197458793624916,1.244458999,96,227.3179339674718,222.31670128490785,5.001232682563938
Residual high,2.0%,0.00197458793624916,1.244458999,97,30.541933140987982,29.369950619722044,1.1719825212659387
Residual high,2.0%,0.00197458793624916,1.244458999,98,224.72328096906284,201.409308000997,23.313972968065855
Residual high,2.0%,0.00197458793624916,1.244458999,99,396.2592847706896,383.6186781659488,12.64060660474081
Residual high,2.0%,0.00197458793624916,1.244458999,100,89.4268038900734,87.94340478175722,1.4833991083161777
RESFire half-gross stress,2.0%,0.00197458793624916,1.244458999,1,244.2293056372548,220.1043317354974,24.124973901757414
RESFire half-gross stress,2.0%,0.00197458793624916,1.244458999,2,536.865183090151,363.73411289558805,173.131070194563
RESFire half-gross stress,2.0%,0.00197458793624916,1.244458999,3,185.685987673146,144.22241255733405,41.46357511581195
RESFire half-gross stress,2.0%,0.00197458793624916,1.244458999,4,173.3406281896885,155.9060193634409,17.434608826247597
RESFire half-gross stress,2.0%,0.00197458793624916,1.244458999,5,695.0330900221887,372.0991721274073,322.9339178947814
RESFire half-gross stress,2.0%,0.00197458793624916,1.244458999,6,218.98619290358295,179.4824796363447,39.503713267238254
RESFire half-gross stress,2.0%,0.00197458793624916,1.244458999,7,107.07892753093094,93.3734083969945,13.705519133936434
RESFire half-gross stress,2.0%,0.00197458793624916,1.244458999,8,533.3674701287274,514.6897432450969,18.6777268836305
RESFire half-gross stress,2.0%,0.00197458793624916,1.244458999,9,161.75651516159263,129.6176008264381,32.13891433515454
RESFire half-gross stress,2.0%,0.00197458793624916,1.244458999,10,72.13040250387478,54.416728247200126,17.71367425667465
RESFire half-gross stress,2.0%,0.00197458793624916,1.244458999,11,1031.2854433784769,695.055946393461,336.2294969850159
RESFire half-gross stress,2.0%,0.00197458793624916,1.244458999,12,293.1014451686647,221.5256684196541,71.57577674901063
RESFire half-gross stress,2.0%,0.00197458793624916,1.244458999,13,194.74832045372503,160.92113340140767,33.827187052317356
RESFire half-gross stress,2.0%,0.00197458793624916,1.244458999,14,139.3881597016256,98.52181921791713,40.86634048370847
RESFire half-gross stress,2.0%,0.00197458793624916,1.244458999,15,45.860339953522846,33.605643087613416,12.25469686590943
RESFire half-gross stress,2.0%,0.00197458793624916,1.244458999,16,160.3334255628739,144.7618217545328,15.57160380834111
RESFire half-gross stress,2.0%,0.00197458793624916,1.244458999,17,86.44775850490176,66.85500746555847,19.592751039343284
RESFire half-gross stress,2.0%,0.00197458793624916,1.244458999,18,387.0895587777186,307.9680112488813,79.12154752883731
RESFire half-gross stress,2.0%,0.00197458793624916,1.244458999,19,166.18131788193165,131.20727875815425,34.9740391237774
RESFire half-gross stress,2.0%,0.00197458793624916,1.244458999,20,271.41052937291755,227.6817949535863,43.72873441933126
RESFire half-gross stress,2.0%,0.00197458793624916,1.244458999,21,417.6915343188166,296.75515625100996,120.93637806780663
RESFire half-gross stress,2.0%,0.00197458793624916,1.244458999,22,81.8323842569027,52.433909958493885,29.398474298408814
RESFire half-gross stress,2.0%,0.00197458793624916,1.244458999,23,124.87238238725544,75.77802422444424,49.094358162811204
RESFire half-gross stress,2.0%,0.00197458793624916,1.244458999,24,568.5575844637999,391.73096493378273,176.82661953001718
RESFire half-gross stress,2.0%,0.00197458793624916,1.244458999,25,274.1862203452663,199.12499419757407,75.06122614769222
RESFire half-gross stress,2.0%,0.00197458793624916,1.244458999,26,29.913325480057015,24.194123821134102,5.719201658922913
RESFire half-gross stress,2.0%,0.00197458793624916,1.244458999,27,187.37162878216813,138.83502510343192,48.53660367873621
RESFire half-gross stress,2.0%,0.00197458793624916,1.244458999,28,192.49130941404167,133.34760050573018,59.14370890831148
RESFire half-gross stress,2.0%,0.00197458793624916,1.244458999,29,290.9367461198055,233.43198583431237,57.50476028549312
RESFire half-gross stress,2.0%,0.00197458793624916,1.244458999,30,103.70242393380236,91.38347901578636,12.318944918016001
RESFire half-gross stress,2.0%,0.00197458793624916,1.244458999,31,123.4782061718614,94.033952100741,29.444254071120397
RESFire half-gross stress,2.0%,0.00197458793624916,1.244458999,32,164.35486189021833,149.0406737359193,15.314188154299018
RESFire half-gross stress,2.0%,0.00197458793624916,1.244458999,33,142.83745922386777,123.93408348908504,18.903375734782728
RESFire half-gross stress,2.0%,0.00197458793624916,1.244458999,34,162.02921545434336,108.27751414804924,53.75170130629412
RESFire half-gross stress,2.0%,0.00197458793624916,1.244458999,35,310.1245323573522,231.60961224031527,78.51492011703695
RESFire half-gross stress,2.0%,0.00197458793624916,1.244458999,36,80.26240714412093,67.38378950623999,12.878617637880936
RESFire half-gross stress,2.0%,0.00197458793624916,1.244458999,37,220.77914045823383,187.60809830209791,33.17104215613591
RESFire half-gross stress,2.0%,0.00197458793624916,1.244458999,38,384.0535350347545,337.76899085862726,46.28454417612721
RESFire half-gross stress,2.0%,0.00197458793624916,1.244458999,39,134.19328744683966,121.2748082338039,12.918479213035766
RESFire half-gross stress,2.0%,0.00197458793624916,1.244458999,40,293.24875655432555,177.1221073727905,116.12664918153504
RESFire half-gross stress,2.0%,0.00197458793624916,1.244458999,41,418.3646271525119,299.75738526706925,118.60724188544265
RESFire half-gross stress,2.0%,0.00197458793624916,1.244458999,42,259.0813122935846,211.35922710108005,47.72208519250452
RESFire half-gross stress,2.0%,0.00197458793624916,1.244458999,43,141.93055502369822,114.42077826628628,27.50977675741194
RESFire half-gross stress,2.0%,0.00197458793624916,1.244458999,44,872.5597212047849,757.0693022984474,115.49041890633748
RESFire half-gross stress,2.0%,0.00197458793624916,1.244458999,45,188.1026392436233,153.4650879985558,34.6375512450675
RESFire half-gross stress,2.0%,0.00197458793624916,1.244458999,46,77.90571934588554,60.50260616833334,17.403113177552207
RESFire half-gross stress,2.0%,0.00197458793624916,1.244458999,47,179.6128015744228,135.81883747194334,43.793964102479464
RESFire half-gross stress,2.0%,0.00197458793624916,1.244458999,48,126.81265206569452,105.92487135936922,20.8877807063253
RESFire half-gross stress,2.0%,0.00197458793624916,1.244458999,49,128.0667930886845,104.64295030333402,23.423842785350487
RESFire half-gross stress,2.0%,0.00197458793624916,1.244458999,50,171.09711627115144,137.17791766163182,33.91919860951961
RESFire half-gross stress,2.0%,0.00197458793624916,1.244458999,51,199.79182385738673,149.85040391503932,49.94141994234741
RESFire half-gross stress,2.0%,0.00197458793624916,1.244458999,52,376.6542459167759,228.0167671275244,148.6374787892515
RESFire half-gross stress,2.0%,0.00197458793624916,1.244458999,53,148.8642754822957,115.79191908893192,33.07235639336379
RESFire half-gross stress,2.0%,0.00197458793624916,1.244458999,54,33.351378137760705,27.942042058555213,5.409336079205492
RESFire half-gross stress,2.0%,0.00197458793624916,1.244458999,55,681.1183270784303,352.9862752842029,328.1320517942274
RESFire half-gross stress,2.0%,0.00197458793624916,1.244458999,56,424.4741041509944,336.4810009551674,87.99310319582696
RESFire half-gross stress,2.0%,0.00197458793624916,1.244458999,57,129.51448430265594,114.66750102636334,14.846983276292605
RESFire half-gross stress,2.0%,0.00197458793624916,1.244458999,58,131.8533623522299,94.32018805183188,37.53317430039803
RESFire half-gross stress,2.0%,0.00197458793624916,1.244458999,59,436.47583309785074,370.6258613362424,65.84997176160834
RESFire half-gross stress,2.0%,0.00197458793624916,1.244458999,60,552.163893894932,429.3310071965377,122.8328866983943
RESFire half-gross stress,2.0%,0.00197458793624916,1.244458999,61,218.95649473570765,180.89803050900545,38.0584642267022
RESFire half-gross stress,2.0%,0.00197458793624916,1.244458999,62,92.4681377105672,74.34443488776648,18.123702822800723
RESFire half-gross stress,2.0%,0.00197458793624916,1.244458999,63,315.0468154271487,260.7977246325583,54.249090794590415
RESFire half-gross stress,2.0%,0.00197458793624916,1.244458999,64,214.0113696810911,158.7391546500601,55.27221503103101
RESFire half-gross stress,2.0%,0.00197458793624916,1.244458999,65,29.96582713290326,16.878125736522954,13.087701396380307
RESFire half-gross stress,2.0%,0.00197458793624916,1.244458999,66,105.61634820671716,85.1586418704767,20.457706336240463
RESFire half-gross stress,2.0%,0.00197458793624916,1.244458999,67,285.49015612763804,215.19237058765168,70.29778553998636
RESFire half-gross stress,2.0%,0.00197458793624916,1.244458999,68,1568.1406591245766,999.6224948818192,568.5181642427574
RESFire half-gross stress,2.0%,0.00197458793624916,1.244458999,69,117.07384440365269,99.16975407407986,17.904090329572824
RESFire half-gross stress,2.0%,0.00197458793624916,1.244458999,70,183.658179351295,156.83316500470912,26.825014346585874
RESFire half-gross stress,2.0%,0.00197458793624916,1.244458999,71,111.53074757405145,94.81812775556378,16.712619818487667
RESFire half-gross stress,2.0%,0.00197458793624916,1.244458999,72,644.6034695608429,471.10677573379314,173.49669382704974
RESFire half-gross stress,2.0%,0.00197458793624916,1.244458999,73,306.1186483216033,226.2329146348798,79.88573368672351
RESFire half-gross stress,2.0%,0.00197458793624916,1.244458999,74,96.70971845566756,79.50723959686944,17.202478858798116
RESFire half-gross stress,2.0%,0.00197458793624916,1.244458999,75,284.81537869918094,202.91580590676875,81.89957279241219
RESFire half-gross stress,2.0%,0.00197458793624916,1.244458999,76,244.9314979088144,164.50979349419433,80.42170441462008
RESFire half-gross stress,2.0%,0.00197458793624916,1.244458999,77,388.13465283134,238.86713247185588,149.26752035948414
RESFire half-gross stress,2.0%,0.00197458793624916,1.244458999,78,154.91309246798855,127.55278079038872,27.360311677599825
RESFire half-gross stress,2.0%,0.00197458793624916,1.244458999,79,259.50914066788727,235.02845984113097,24.4806808267563
RESFire half-gross stress,2.0%,0.00197458793624916,1.244458999,80,228.46856427049389,155.74165065029774,72.72691362019614
RESFire half-gross stress,2.0%,0.00197458793624916,1.244458999,81,113.88577475169828,99.66162889146544,14.224145860232838
RESFire half-gross stress,2.0%,0.00197458793624916,1.244458999,82,213.52502863446347,169.7180091362925,43.80701949817097
RESFire half-gross stress,2.0%,0.00197458793624916,1.244458999,83,139.29085320265335,109.08409685291213,30.206756349741227
RESFire half-gross stress,2.0%,0.00197458793624916,1.244458999,84,195.11905457675752,144.83970828850644,50.27934628825108
RESFire half-gross stress,2.0%,0.00197458793624916,1.244458999,85,486.8186891803576,437.0456325706176,49.77305660973997
RESFire half-gross stress,2.0%,0.00197458793624916,1.244458999,86,553.5333392276206,463.8456078814385,89.68773134618203
RESFire half-gross stress,2.0%,0.00197458793624916,1.244458999,87,250.4673981577108,197.38487701004817,53.08252114766262
RESFire half-gross stress,2.0%,0.00197458793624916,1.244458999,88,181.7636654562512,112.7751101656877,68.9885552905635
RESFire half-gross stress,2.0%,0.00197458793624916,1.244458999,89,279.4031584585527,216.40199605213417,63.00116240641853
RESFire half-gross stress,2.0%,0.00197458793624916,1.244458999,90,10.366373529091629,6.475182259474183,3.8911912696174458
RESFire half-gross stress,2.0%,0.00197458793624916,1.244458999,91,123.8464024077418,91.68363719733787,32.16276521040393
RESFire half-gross stress,2.0%,0.00197458793624916,1.244458999,92,209.3287441582847,161.3058860720078,48.0228580862769
RESFire half-gross stress,2.0%,0.00197458793624916,1.244458999,93,429.99889344824567,279.51594266827493,150.48295077997074
RESFire half-gross stress,2.0%,0.00197458793624916,1.244458999,94,262.89663860840244,174.99523329383328,87.90140531456916
RESFire half-gross stress,2.0%,0.00197458793624916,1.244458999,95,186.29753979545035,151.05351550922143,35.24402428622892
RESFire half-gross stress,2.0%,0.00197458793624916,1.244458999,96,250.81263668608128,222.31670128490785,28.495935401173426
RESFire half-gross stress,2.0%,0.00197458793624916,1.244458999,97,37.62917833251622,29.369950619722044,8.259227712794175
RESFire half-gross stress,2.0%,0.00197458793624916,1.244458999,98,265.3156440769795,201.409308000997,63.906336075982495
RESFire half-gross stress,2.0%,0.00197458793624916,1.244458999,99,456.73086008116337,383.6186781659488,73.11218191521459
RESFire half-gross stress,2.0%,0.00197458793624916,1.244458999,100,112.8416441366158,87.94340478175722,24.898239354858575
RESFire gross stress,2.0%,0.00197458793624916,1.244458999,1,268.7988361762928,220.1043317354974,48.69450444079541
RESFire gross stress,2.0%,0.00197458793624916,1.244458999,2,750.8546129250066,363.73411289558805,387.1205000294185
RESFire gross stress,2.0%,0.00197458793624916,1.244458999,3,276.1981687306426,144.22241255733405,131.97575617330853
RESFire gross stress,2.0%,0.00197458793624916,1.244458999,4,194.40174983174347,155.9060193634409,38.49573046830258
RESFire gross stress,2.0%,0.00197458793624916,1.244458999,5,763.9106928167404,372.0991721274073,391.81152068933307
RESFire gross stress,2.0%,0.00197458793624916,1.244458999,6,243.9724063332735,179.4824796363447,64.48992669692882
RESFire gross stress,2.0%,0.00197458793624916,1.244458999,7,119.51985026464908,93.3734083969945,26.146441867654573
RESFire gross stress,2.0%,0.00197458793624916,1.244458999,8,559.7407046291421,514.6897432450969,45.050961384045195
RESFire gross stress,2.0%,0.00197458793624916,1.244458999,9,167.89104779078542,129.6176008264381,38.27344696434733
RESFire gross stress,2.0%,0.00197458793624916,1.244458999,10,106.55132770390829,54.416728247200126,52.13459945670816
RESFire gross stress,2.0%,0.00197458793624916,1.244458999,11,1167.3011227058746,695.055946393461,472.2451763124136
RESFire gross stress,2.0%,0.00197458793624916,1.244458999,12,373.1766894041216,221.5256684196541,151.6510209844675
RESFire gross stress,2.0%,0.00197458793624916,1.244458999,13,244.34589659649367,160.92113340140767,83.424763195086
RESFire gross stress,2.0%,0.00197458793624916,1.244458999,14,202.34024163474635,98.52181921791713,103.81842241682922
RESFire gross stress,2.0%,0.00197458793624916,1.244458999,15,99.6022399374742,33.605643087613416,65.99659684986078
RESFire gross stress,2.0%,0.00197458793624916,1.244458999,16,180.71352510766252,144.7618217545328,35.951703353129716
RESFire gross stress,2.0%,0.00197458793624916,1.244458999,17,124.92506341998345,66.85500746555847,58.07005595442497
RESFire gross stress,2.0%,0.00197458793624916,1.244458999,18,375.21369505052,307.9680112488813,67.24568380163873
RESFire gross stress,2.0%,0.00197458793624916,1.244458999,19,214.7479807947157,131.20727875815425,83.54070203656144
RESFire gross stress,2.0%,0.00197458793624916,1.244458999,20,309.82924643325885,227.6817949535863,82.14745147967255
RESFire gross stress,2.0%,0.00197458793624916,1.244458999,21,500.325277662044,296.75515625100996,203.57012141103405
RESFire gross stress,2.0%,0.00197458793624916,1.244458999,22,85.87359684076232,52.433909958493885,33.43968688226843
RESFire gross stress,2.0%,0.00197458793624916,1.244458999,23,181.9867548649181,75.77802422444424,106.20873064047387
RESFire gross stress,2.0%,0.00197458793624916,1.244458999,24,785.334787633953,391.73096493378273,393.6038227001703
RESFire gross stress,2.0%,0.00197458793624916,1.244458999,25,340.49533843750106,199.12499419757407,141.370344239927
RESFire gross stress,2.0%,0.00197458793624916,1.244458999,26,35.37610918644484,24.194123821134102,11.18198536531074
RESFire gross stress,2.0%,0.00197458793624916,1.244458999,27,211.42795973848095,138.83502510343192,72.59293463504903
RESFire gross stress,2.0%,0.00197458793624916,1.244458999,28,311.0797792037012,133.34760050573018,177.73217869797102
RESFire gross stress,2.0%,0.00197458793624916,1.244458999,29,347.0226427351667,233.43198583431237,113.59065690085433
RESFire gross stress,2.0%,0.00197458793624916,1.244458999,30,118.91136152628172,91.38347901578636,27.52788251049536
RESFire gross stress,2.0%,0.00197458793624916,1.244458999,31,127.29142655842335,94.033952100741,33.25747445768235
RESFire gross stress,2.0%,0.00197458793624916,1.244458999,32,218.95302456385568,149.0406737359193,69.91235082793636
RESFire gross stress,2.0%,0.00197458793624916,1.244458999,33,166.46624970010987,123.93408348908504,42.53216621102483
RESFire gross stress,2.0%,0.00197458793624916,1.244458999,34,178.0091684526273,108.27751414804924,69.73165430457807
RESFire gross stress,2.0%,0.00197458793624916,1.244458999,35,375.7366016237685,231.60961224031527,144.1269893834532
RESFire gross stress,2.0%,0.00197458793624916,1.244458999,36,137.75499804885771,67.38378950623999,70.37120854261772
RESFire gross stress,2.0%,0.00197458793624916,1.244458999,37,249.7608151924943,187.60809830209791,62.15271689039639
RESFire gross stress,2.0%,0.00197458793624916,1.244458999,38,413.57499332317457,337.76899085862726,75.8060024645473
RESFire gross stress,2.0%,0.00197458793624916,1.244458999,39,179.05527976730158,121.2748082338039,57.78047153349769
RESFire gross stress,2.0%,0.00197458793624916,1.244458999,40,463.1518948155684,177.1221073727905,286.0297874427779
RESFire gross stress,2.0%,0.00197458793624916,1.244458999,41,598.5588934104062,299.75738526706925,298.80150814333695
RESFire gross stress,2.0%,0.00197458793624916,1.244458999,42,292.64567263157403,211.35922710108005,81.28644553049398
RESFire gross stress,2.0%,0.00197458793624916,1.244458999,43,187.4673817465145,114.42077826628628,73.04660348022821
RESFire gross stress,2.0%,0.00197458793624916,1.244458999,44,997.65908434538,757.0693022984474,240.58978204693267
RESFire gross stress,2.0%,0.00197458793624916,1.244458999,45,222.32278655917585,153.4650879985558,68.85769856062007
RESFire gross stress,2.0%,0.00197458793624916,1.244458999,46,102.0983658202298,60.50260616833334,41.595759651896465
RESFire gross stress,2.0%,0.00197458793624916,1.244458999,47,246.97899005018044,135.81883747194334,111.1601525782371
RESFire gross stress,2.0%,0.00197458793624916,1.244458999,48,192.62159212658676,105.92487135936922,86.69672076721754
RESFire gross stress,2.0%,0.00197458793624916,1.244458999,49,152.23074053695862,104.64295030333402,47.5877902336246
RESFire gross stress,2.0%,0.00197458793624916,1.244458999,50,326.37674676233195,137.17791766163182,189.19882910070012
RESFire gross stress,2.0%,0.00197458793624916,1.244458999,51,239.38673764012384,149.85040391503932,89.53633372508452
RESFire gross stress,2.0%,0.00197458793624916,1.244458999,52,531.0075671630143,228.0167671275244,302.9908000354899
RESFire gross stress,2.0%,0.00197458793624916,1.244458999,53,199.47122574194265,115.79191908893192,83.67930665301073
RESFire gross stress,2.0%,0.00197458793624916,1.244458999,54,42.68119923042823,27.942042058555213,14.739157171873014
RESFire gross stress,2.0%,0.00197458793624916,1.244458999,55,840.0338978878228,352.9862752842029,487.0476226036199
RESFire gross stress,2.0%,0.00197458793624916,1.244458999,56,523.6656348438701,336.4810009551674,187.18463388870265
RESFire gross stress,2.0%,0.00197458793624916,1.244458999,57,163.39238275118933,114.66750102636334,48.72488172482599
RESFire gross stress,2.0%,0.00197458793624916,1.244458999,58,144.37639775551196,94.32018805183188,50.05620970368008
RESFire gross stress,2.0%,0.00197458793624916,1.244458999,59,479.5377700154301,370.6258613362424,108.91190867918772
RESFire gross stress,2.0%,0.00197458793624916,1.244458999,60,626.6005347374021,429.3310071965377,197.26952754086437
RESFire gross stress,2.0%,0.00197458793624916,1.244458999,61,268.69547398081795,180.89803050900545,87.7974434718125
RESFire gross stress,2.0%,0.00197458793624916,1.244458999,62,130.43098374207295,74.34443488776648,56.08654885430647
RESFire gross stress,2.0%,0.00197458793624916,1.244458999,63,397.6894177162783,260.7977246325583,136.89169308371999
RESFire gross stress,2.0%,0.00197458793624916,1.244458999,64,247.3430415609905,158.7391546500601,88.60388691093041
RESFire gross stress,2.0%,0.00197458793624916,1.244458999,65,41.6156514007578,16.878125736522954,24.737525664234845
RESFire gross stress,2.0%,0.00197458793624916,1.244458999,66,143.97276812896126,85.1586418704767,58.81412625848456
RESFire gross stress,2.0%,0.00197458793624916,1.244458999,67,364.1031040062354,215.19237058765168,148.91073341858373
RESFire gross stress,2.0%,0.00197458793624916,1.244458999,68,4043.629724855177,999.6224948818192,3044.0072299733574
RESFire gross stress,2.0%,0.00197458793624916,1.244458999,69,126.53224695462109,99.16975407407986,27.362492880541225
RESFire gross stress,2.0%,0.00197458793624916,1.244458999,70,227.463127360528,156.83316500470912,70.62996235581889
RESFire gross stress,2.0%,0.00197458793624916,1.244458999,71,118.58450291314068,94.81812775556378,23.766375157576903
RESFire gross stress,2.0%,0.00197458793624916,1.244458999,72,622.3163660399189,471.10677573379314,151.20959030612573
RESFire gross stress,2.0%,0.00197458793624916,1.244458999,73,371.36055129833926,226.2329146348798,145.12763666345947
RESFire gross stress,2.0%,0.00197458793624916,1.244458999,74,114.05641320126826,79.50723959686944,34.54917360439882
RESFire gross stress,2.0%,0.00197458793624916,1.244458999,75,379.97753869493994,202.91580590676875,177.06173278817118
RESFire gross stress,2.0%,0.00197458793624916,1.244458999,76,302.6622985819155,164.50979349419433,138.15250508772115
RESFire gross stress,2.0%,0.00197458793624916,1.244458999,77,439.04746088815256,238.86713247185588,200.18032841629667
RESFire gross stress,2.0%,0.00197458793624916,1.244458999,78,191.9599820073866,127.55278079038872,64.40720121699788
RESFire gross stress,2.0%,0.00197458793624916,1.244458999,79,283.8489208540209,235.02845984113097,48.82046101288992
RESFire gross stress,2.0%,0.00197458793624916,1.244458999,80,286.4350524239665,155.74165065029774,130.69340177366877
RESFire gross stress,2.0%,0.00197458793624916,1.244458999,81,147.9519337803936,99.66162889146544,48.29030488892816
RESFire gross stress,2.0%,0.00197458793624916,1.244458999,82,239.379430897059,169.7180091362925,69.6614217607665
RESFire gross stress,2.0%,0.00197458793624916,1.244458999,83,246.75429015582463,109.08409685291213,137.6701933029125
RESFire gross stress,2.0%,0.00197458793624916,1.244458999,84,362.5544413699909,144.83970828850644,217.71473308148447
RESFire gross stress,2.0%,0.00197458793624916,1.244458999,85,510.3105399695028,437.0456325706176,73.26490739888521
RESFire gross stress,2.0%,0.00197458793624916,1.244458999,86,585.1815268619306,463.8456078814385,121.33591898049207
RESFire gross stress,2.0%,0.00197458793624916,1.244458999,87,303.6497615074784,197.38487701004817,106.26488449743022
RESFire gross stress,2.0%,0.00197458793624916,1.244458999,88,283.26657165719524,112.7751101656877,170.49146149150755
RESFire gross stress,2.0%,0.00197458793624916,1.244458999,89,312.0475830711718,216.40199605213417,95.64558701903763
RESFire gross stress,2.0%,0.00197458793624916,1.244458999,90,17.339749539050235,6.475182259474183,10.864567279576052
RESFire gross stress,2.0%,0.00197458793624916,1.244458999,91,148.3390134940348,91.68363719733787,56.655376296696915
RESFire gross stress,2.0%,0.00197458793624916,1.244458999,92,307.8292648489431,161.3058860720078,146.52337877693532
RESFire gross stress,2.0%,0.00197458793624916,1.244458999,93,625.9430834616115,279.51594266827493,346.4271407933366
RESFire gross stress,2.0%,0.00197458793624916,1.244458999,94,333.49198353212984,174.99523329383328,158.49675023829656
RESFire gross stress,2.0%,0.00197458793624916,1.244458999,95,206.09905681298656,151.05351550922143,55.045541303765134
RESFire gross stress,2.0%,0.00197458793624916,1.244458999,96,292.5832516527645,222.31670128490785,70.26655036785664
RESFire gross stress,2.0%,0.00197458793624916,1.244458999,97,60.97931268031366,29.369950619722044,31.609362060591618
RESFire gross stress,2.0%,0.00197458793624916,1.244458999,98,366.93754719573184,201.409308000997,165.52823919473485
RESFire gross stress,2.0%,0.00197458793624916,1.244458999,99,787.9668389465666,383.6186781659488,404.3481607806178
RESFire gross stress,2.0%,0.00197458793624916,1.244458999,100,116.04087826695272,87.94340478175722,28.097473485195493
